Workbook

Sheet SC決算仕訳 原料
D2: 借方 | H2: 貸方
B3: 原価計算仕訳 | D3: 科目番号 | E3: 科目 | F3: 補助科目 | G3: 金額 | H3: 科目番号 | I3: 科目 | J3: 補助科目 | K3: 金額 | L3: 摘要
B4: ＃4 | D4: 500 | E4: 期首材料棚卸高 | G4: =K4 -> 20567620 | H4: 114 | I4: 原材料 | K4: =原材料SC総括!C14 -> 20567620 | L4: 期首原料振替 原料（製造部）
B5: ＃4 | D5: 500 | E5: 期首材料棚卸高 | G5: =K5 -> 6251400 | H5: 114 | I5: 原材料 | K5: 6251400 | L5: 期首原料振替 産品部玄米在庫
B6: ＃4 | D6: 500 | E6: 期首材料棚卸高 | G6: =K6 -> 5685886 | H6: 114 | I6: 原材料 | K6: 5685886 | L6: 期首原料振替 支給原液分
B8: ＃4 | D8: 134 | E8: 原材料 | G8: =K8 -> 22976280 | H8: 505 | I8: 期末材料棚卸高 | K8: =原材料SC総括!E21 -> 22976280 | L8: 期末原料振替 原料（製造部）
B9: ＃4 | D9: 676 | E9: 試験研究費 | G9: =K9 -> 214213.12 | H9: 505 | I9: 期末材料棚卸高 | K9: =原材料SC総括!E15 -> 214213.12 | L9: 期末原料振替 検査分析
B10: ＃4 | D10: 672 | E10: 販売促進費 | G10: =K10 -> 27436.781 | H10: 505 | I10: 期末材料棚卸高 | K10: =原材料SC総括!E16 -> 27436.781 | L10: 期末原料振替 試用
B11: ＃4 | D11: 553 | E11: 他勘定振替 | G11: =K11 -> 70150.763 | H11: 505 | I11: 期末材料棚卸高 | K11: =原材料SC総括!E17 -> 70150.763 | L11: 期末原料振替 原料返品
B12: ＃4 | D12: 712 | E12: 雑損失 | G12: =K12 -> 1329811.3 | H12: 505 | I12: 期末材料棚卸高 | K12: =原材料SC総括!E18+原材料SC総括!E19+原材料SC総括!E20 -> 1329811.3 | L12: 期末原料振替 ロス廃棄在庫調整
B13: ＃4 | D13: 134 | E13: 原材料 | G13: =K13 -> 2253988 | H13: 505 | I13: 期末材料棚卸高 | K13: 2253988 | L13: 期末原料振替 支給原液分 | M13: 従来山田原価計算3外注加工費にて集計していたが、外注加工費NEWでは集計されなくなった。青山さんにて外注先の期末数量を集計するので、それを基にSC単価をかけて期末外注先現役在庫を集計することとした。
B14: ＃4 | D14: 134 | E14: 原材料 | G14: =K14 -> 4789200 | H14: 505 | I14: 期末材料棚卸高 | K14: 4789200 | L14: 期末原料振替 産品部玄米在庫 | M14: ○○期末玄米在庫シートから（玄米シート作成担当要確認）

Sheet 原材料SC総括
B2: 数量ベース
B3: 期首 | C3: =原材料SC明細!E393 -> 8596.0218 | D3: 当期投入 | E3: =原材料SC明細!G393 -> 114478.11
B4: 当期仕入 | C4: =原材料SC明細!F393 -> 114889.79 | D4: 検査分析 | E4: =原材料SC明細!H393 -> 173.3
D5: 試用 | E5: =原材料SC明細!I393 -> 39.1
D6: 返品 | E6: =原材料SC明細!J393 -> 51.8
D7: ロス分 | E7: =原材料SC明細!K393 -> 224.841
D8: 廃棄処分 | E8: =原材料SC明細!L393 -> 882.879
B9: その他調整 | C9: =原材料SC明細!N393 -> -1150.758 | D9: 在庫調整 | E9: =原材料SC明細!M393 -> 528.336
D10: 期末在庫 | E10: =原材料SC明細!O393 -> 5956.6868
C11: =SUM(C3:C10) -> 122335.05 | E11: =SUM(E3:E10) -> 122335.05 | F11: =C11-E11 -> 0
B13: 金額ベース
B14: 期首（AC） | C14: =原材料SC明細!E394 -> 20567620 | D14: 当期投入（仕掛品へ） | E14: =原材料SC明細!G394 -> 83005480
B15: 当期仕入 | C15: =原材料SC明細!F394 -> 86984824 | D15: 試験研究費 | E15: =原材料SC明細!H394 -> 214213.12
D16: 販促費 | E16: =原材料SC明細!I394 -> 27436.781
D17: 他勘定振替 | E17: =原材料SC明細!J394 -> 70150.763
D18: 雑損（ロス） | E18: =原材料SC明細!K394 -> 154576.65
D19: 雑損（廃棄） | E19: =原材料SC明細!L394 -> 1052777.9
B20: その他調整 | C20: =原材料SC明細!N394 -> -0.32090711 | D20: 雑損（在庫調整） | E20: =原材料SC明細!M394 -> 122456.79
D21: 期末在庫 | E21: =原材料SC明細!O394 -> 22976280
C22: =SUM(C14:C21) -> 1.0755244e+08 | E22: =SUM(E14:E21) -> 1.0762337e+08 | F22: =C22-E22 -> -70927.996

Sheet 原材料SC明細
A1: 第38期 原材料
A3: ｺｰﾄﾞ | B3: 原料名 | C3: SC単価 | D3: 単位 | E3: 期首棚卸 | F3: 当期仕入高 | G3: 当期投入高 | H3: 検査・分析 | I3: 試用 | J3: 返品 | K3: ロス分 | L3: 廃棄処分 | M3: 在庫調整 | N3: その他調整 | O3: 期末棚卸
N4: （マイナス＝貸方）
A5: 1 | B5: ﾘﾝｺﾞ | C5: =IFERROR(VLOOKUP(A5,'原料標準単価（貼付）'!B:E,3,FALSE),0) -> 321.14552 | D5: 数量(㎏) | E5: 1.1297629e-12 | F5: =IFERROR(VLOOKUP(A5,'1.2①原材料受入'!A:E,3,FALSE),0) -> 8226.8 | G5: =SUMIF('1.3②原材料使用'!C:E,A5,'1.3②原材料使用'!E:E) -> 7944.54 | H5: =SUMIFS('1.4原材料(その他)'!E:E,'1.4原材料(その他)'!C:C,A:A,'1.4原材料(その他)'!H:H,H$3) -> 6 | I5: =SUMIFS('1.4原材料(その他)'!E:E,'1.4原材料(その他)'!C:C,A:A,'1.4原材料(その他)'!H:H,I$3) -> 0 | J5: =SUMIFS('1.4原材料(その他)'!E:E,'1.4原材料(その他)'!C:C,A:A,'1.4原材料(その他)'!H:H,J$3) -> 0 | K5: =SUMIFS('1.4原材料(その他)'!E:E,'1.4原材料(その他)'!C:C,A:A,'1.4原材料(その他)'!H:H,K$3) -> 15.58 | L5: =SUMIFS('1.4原材料(その他)'!E:E,'1.4原材料(その他)'!C:C,A:A,'1.4原材料(その他)'!H:H,L$3) -> 13.48 | M5: =SUMIFS('1.4原材料(その他)'!E:E,'1.4原材料(その他)'!C:C,A:A,'1.4原材料(その他)'!H:H,M$3) -> 247.2 | N5: =O5-(E5+F5-SUM(G5:M5)) -> -2.0534685e-12 | O5: =SUMIF('1.5原材料在庫'!A:A,原材料SC明細!A5,'1.5原材料在庫'!D:D) -> -2.344791e-13
D6: 金額(円) | E6: 2.3994578e-10 | F6: =F5*$C5 -> 2642000 | G6: =G5*$C5 -> 2551353.5 | H6: =H5*$C5 -> 1926.8731 | I6: =I5*$C5 -> 0 | J6: =J5*$C5 -> 0 | K6: =K5*$C5 -> 5003.4473 | L6: =L5*$C5 -> 4329.0417 | M6: =M5*$C5 -> 79387.174 | N6: =IFERROR(N5/SUM($E5:$F5)*SUM($E6:$F6),"") -> -6.5946222e-10 | O6: =O5*$C5 -> -7.5301914e-11
A7: 2 | B7: ｶｷ | C7: =IFERROR(VLOOKUP(A7,'原料標準単価（貼付）'!B:E,3,FALSE),0) -> 510.48639 | D7: 数量(㎏) | E7: 5.595524e-14 | F7: =IFERROR(VLOOKUP(A7,'1.2①原材料受入'!A:E,3,FALSE),0) -> 224.1 | G7: =SUMIF('1.3②原材料使用'!C:E,A7,'1.3②原材料使用'!E:E) -> 210 | H7: =SUMIFS('1.4原材料(その他)'!E:E,'1.4原材料(その他)'!C:C,A:A,'1.4原材料(その他)'!H:H,H$3) -> 2.2 | I7: =SUMIFS('1.4原材料(その他)'!E:E,'1.4原材料(その他)'!C:C,A:A,'1.4原材料(その他)'!H:H,I$3) -> 0 | J7: =SUMIFS('1.4原材料(その他)'!E:E,'1.4原材料(その他)'!C:C,A:A,'1.4原材料(その他)'!H:H,J$3) -> 0 | K7: =SUMIFS('1.4原材料(その他)'!E:E,'1.4原材料(その他)'!C:C,A:A,'1.4原材料(その他)'!H:H,K$3) -> 4.49 | L7: =SUMIFS('1.4原材料(その他)'!E:E,'1.4原材料(その他)'!C:C,A:A,'1.4原材料(その他)'!H:H,L$3) -> 7.48 | M7: =SUMIFS('1.4原材料(その他)'!E:E,'1.4原材料(その他)'!C:C,A:A,'1.4原材料(その他)'!H:H,M$3) -> -0.07 | N7: =O7-(E7+F7-SUM(G7:M7)) -> -2.9309888e-14 | O7: =SUMIF('1.5原材料在庫'!A:A,原材料SC明細!A7,'1.5原材料在庫'!D:D) -> 2.7533531e-14
D8: 金額(円) | E8: 2.366298e-11 | F8: =F7*$C7 -> 114400 | G8: =G7*$C7 -> 107202.14 | H8: =H7*$C7 -> 1123.0701 | I8: =I7*$C7 -> 0 | J8: =J7*$C7 -> 0 | K8: =K7*$C7 -> 2292.0839 | L8: =L7*$C7 -> 3818.4382 | M8: =M7*$C7 -> -35.734047 | N8: =IFERROR(N7/SUM($E7:$F7)*SUM($E8:$F8),"") -> -1.4962299e-11 | O8: =O7*$C7 -> 1.4055493e-11
A9: 3 | B9: ﾊﾞﾅﾅ | C9: =IFERROR(VLOOKUP(A9,'原料標準単価（貼付）'!B:E,3,FALSE),0) -> 280.83162 | D9: 数量(㎏) | E9: 8.5265128e-14 | F9: =IFERROR(VLOOKUP(A9,'1.2①原材料受入'!A:E,3,FALSE),0) -> 3119.2 | G9: =SUMIF('1.3②原材料使用'!C:E,A9,'1.3②原材料使用'!E:E) -> 3000 | H9: =SUMIFS('1.4原材料(その他)'!E:E,'1.4原材料(その他)'!C:C,A:A,'1.4原材料(その他)'!H:H,H$3) -> 4 | I9: =SUMIFS('1.4原材料(その他)'!E:E,'1.4原材料(その他)'!C:C,A:A,'1.4原材料(その他)'!H:H,I$3) -> 0 | J9: =SUMIFS('1.4原材料(その他)'!E:E,'1.4原材料(その他)'!C:C,A:A,'1.4原材料(その他)'!H:H,J$3) -> 0 | K9: =SUMIFS('1.4原材料(その他)'!E:E,'1.4原材料(その他)'!C:C,A:A,'1.4原材料(その他)'!H:H,K$3) -> 0 | L9: =SUMIFS('1.4原材料(その他)'!E:E,'1.4原材料(その他)'!C:C,A:A,'1.4原材料(その他)'!H:H,L$3) -> 17.8 | M9: =SUMIFS('1.4原材料(その他)'!E:E,'1.4原材料(その他)'!C:C,A:A,'1.4原材料(その他)'!H:H,M$3) -> 97.4 | N9: =O9-(E9+F9-SUM(G9:M9)) -> 3.1086245e-13 | O9: =SUMIF('1.5原材料在庫'!A:A,原材料SC明細!A9,'1.5原材料在庫'!D:D) -> -1.438849e-13
D10: 金額(円) | E10: 2.7317029e-11 | F10: =F9*$C9 -> 875970 | G10: =G9*$C9 -> 842494.87 | H10: =H9*$C9 -> 1123.3265 | I10: =I9*$C9 -> 0 | J10: =J9*$C9 -> 0 | K10: =K9*$C9 -> 0 | L10: =L9*$C9 -> 4998.8029 | M10: =M9*$C9 -> 27353 | N10: =IFERROR(N9/SUM($E9:$F9)*SUM($E10:$F10),"") -> 8.7300006e-11 | O10: =O9*$C9 -> -4.0407431e-11
A11: 4 | B11: ﾊﾟｲﾝｱｯﾌﾟﾙ | C11: =IFERROR(VLOOKUP(A11,'原料標準単価（貼付）'!B:E,3,FALSE),0) -> 352.15661 | D11: 数量(㎏) | E11: 5.6488147e-13 | F11: =IFERROR(VLOOKUP(A11,'1.2①原材料受入'!A:E,3,FALSE),0) -> 3141.5 | G11: =SUMIF('1.3②原材料使用'!C:E,A11,'1.3②原材料使用'!E:E) -> 3024 | H11: =SUMIFS('1.4原材料(その他)'!E:E,'1.4原材料(その他)'!C:C,A:A,'1.4原材料(その他)'!H:H,H$3) -> 4 | I11: =SUMIFS('1.4原材料(その他)'!E:E,'1.4原材料(その他)'!C:C,A:A,'1.4原材料(その他)'!H:H,I$3) -> 0 | J11: =SUMIFS('1.4原材料(その他)'!E:E,'1.4原材料(その他)'!C:C,A:A,'1.4原材料(その他)'!H:H,J$3) -> 0 | K11: =SUMIFS('1.4原材料(その他)'!E:E,'1.4原材料(その他)'!C:C,A:A,'1.4原材料(その他)'!H:H,K$3) -> 0 | L11: =SUMIFS('1.4原材料(その他)'!E:E,'1.4原材料(その他)'!C:C,A:A,'1.4原材料(その他)'!H:H,L$3) -> 102.35 | M11: =SUMIFS('1.4原材料(その他)'!E:E,'1.4原材料(その他)'!C:C,A:A,'1.4原材料(その他)'!H:H,M$3) -> 11.15 | N11: =O11-(E11+F11-SUM(G11:M11)) -> 1.6697754e-13 | O11: =SUMIF('1.5原材料在庫'!A:A,原材料SC明細!A11,'1.5原材料在庫'!D:D) -> 6.2172489e-13
D12: 金額(円) | E12: 2.2197078e-10 | F12: =F11*$C11 -> 1106300 | G12: =G11*$C11 -> 1064921.6 | H12: =H11*$C11 -> 1408.6265 | I12: =I11*$C11 -> 0 | J12: =J11*$C11 -> 0 | K12: =K11*$C11 -> 0 | L12: =L11*$C11 -> 36043.229 | M12: =M11*$C11 -> 3926.5462 | N12: =IFERROR(N11/SUM($E11:$F11)*SUM($E12:$F12),"") -> 5.8802246e-11 | O12: =O11*$C11 -> 2.1894453e-10
A13: 5 | B13: ｱｹﾋﾞ | C13: =IFERROR(VLOOKUP(A13,'原料標準単価（貼付）'!B:E,3,FALSE),0) -> 2148.4375 | D13: 数量(㎏) | E13: 2.8421709e-13 | F13: =IFERROR(VLOOKUP(A13,'1.2①原材料受入'!A:E,3,FALSE),0) -> 230.4 | G13: =SUMIF('1.3②原材料使用'!C:E,A13,'1.3②原材料使用'!E:E) -> 210 | H13: =SUMIFS('1.4原材料(その他)'!E:E,'1.4原材料(その他)'!C:C,A:A,'1.4原材料(その他)'!H:H,H$3) -> 2.4 | I13: =SUMIFS('1.4原材料(その他)'!E:E,'1.4原材料(その他)'!C:C,A:A,'1.4原材料(その他)'!H:H,I$3) -> 0 | J13: =SUMIFS('1.4原材料(その他)'!E:E,'1.4原材料(その他)'!C:C,A:A,'1.4原材料(その他)'!H:H,J$3) -> 13 | K13: =SUMIFS('1.4原材料(その他)'!E:E,'1.4原材料(その他)'!C:C,A:A,'1.4原材料(その他)'!H:H,K$3) -> 1.5 | L13: =SUMIFS('1.4原材料(その他)'!E:E,'1.4原材料(その他)'!C:C,A:A,'1.4原材料(その他)'!H:H,L$3) -> 0 | M13: =SUMIFS('1.4原材料(その他)'!E:E,'1.4原材料(その他)'!C:C,A:A,'1.4原材料(その他)'!H:H,M$3) -> 3.5 | N13: =O13-(E13+F13-SUM(G13:M13)) -> 2.8421709e-14 | O13: =SUMIF('1.5原材料在庫'!A:A,原材料SC明細!A13,'1.5原材料在庫'!D:D) -> 3.126388e-13
D14: 金額(円) | E14: 5.6005332e-10 | F14: =F13*$C13 -> 495000 | G14: =G13*$C13 -> 451171.88 | H14: =H13*$C13 -> 5156.25 | I14: =I13*$C13 -> 0 | J14: =J13*$C13 -> 27929.688 | K14: =K13*$C13 -> 3222.6562 | L14: =L13*$C13 -> 0 | M14: =M13*$C13 -> 7519.5312 | N14: =IFERROR(N13/SUM($E13:$F13)*SUM($E14:$F14),"") -> 6.1062266e-11 | O14: =O13*$C13 -> 6.7168493e-10
A15: 6 | B15: ﾏﾀﾀﾋﾞ | C15: =IFERROR(VLOOKUP(A15,'原料標準単価（貼付）'!B:E,3,FALSE),0) -> 1852.6 | D15: 数量(㎏) | E15: 623.8 | F15: =IFERROR(VLOOKUP(A15,'1.2①原材料受入'!A:E,3,FALSE),0) -> 0 | G15: =SUMIF('1.3②原材料使用'!C:E,A15,'1.3②原材料使用'!E:E) -> 230 | H15: =SUMIFS('1.4原材料(その他)'!E:E,'1.4原材料(その他)'!C:C,A:A,'1.4原材料(その他)'!H:H,H$3) -> 0 | I15: =SUMIFS('1.4原材料(その他)'!E:E,'1.4原材料(その他)'!C:C,A:A,'1.4原材料(その他)'!H:H,I$3) -> 0 | J15: =SUMIFS('1.4原材料(その他)'!E:E,'1.4原材料(その他)'!C:C,A:A,'1.4原材料(その他)'!H:H,J$3) -> 0 | K15: =SUMIFS('1.4原材料(その他)'!E:E,'1.4原材料(その他)'!C:C,A:A,'1.4原材料(その他)'!H:H,K$3) -> 0.16 | L15: =SUMIFS('1.4原材料(その他)'!E:E,'1.4原材料(その他)'!C:C,A:A,'1.4原材料(その他)'!H:H,L$3) -> 0 | M15: =SUMIFS('1.4原材料(その他)'!E:E,'1.4原材料(その他)'!C:C,A:A,'1.4原材料(その他)'!H:H,M$3) -> 3.74 | N15: =O15-(E15+F15-SUM(G15:M15)) -> 0 | O15: =SUMIF('1.5原材料在庫'!A:A,原材料SC明細!A15,'1.5原材料在庫'!D:D) -> 389.9
D16: 金額(円) | E16: 1156080.7 | F16: =F15*$C15 -> 0 | G16: =G15*$C15 -> 426098 | H16: =H15*$C15 -> 0 | I16: =I15*$C15 -> 0 | J16: =J15*$C15 -> 0 | K16: =K15*$C15 -> 296.416 | L16: =L15*$C15 -> 0 | M16: =M15*$C15 -> 6928.724 | N16: =IFERROR(N15/SUM($E15:$F15)*SUM($E16:$F16),"") -> 0 | O16: =O15*$C15 -> 722328.74
A17: 7 | B17: ｲﾁｼﾞｸ | C17: =IFERROR(VLOOKUP(A17,'原料標準単価（貼付）'!B:E,3,FALSE),0) -> 1215.2565 | D17: 数量(㎏) | E17: 1.7097435e-13 | F17: =IFERROR(VLOOKUP(A17,'1.2①原材料受入'!A:E,3,FALSE),0) -> 228.1 | G17: =SUMIF('1.3②原材料使用'!C:E,A17,'1.3②原材料使用'!E:E) -> 210 | H17: =SUMIFS('1.4原材料(その他)'!E:E,'1.4原材料(その他)'!C:C,A:A,'1.4原材料(その他)'!H:H,H$3) -> 2.2 | I17: =SUMIFS('1.4原材料(その他)'!E:E,'1.4原材料(その他)'!C:C,A:A,'1.4原材料(その他)'!H:H,I$3) -> 0 | J17: =SUMIFS('1.4原材料(その他)'!E:E,'1.4原材料(その他)'!C:C,A:A,'1.4原材料(その他)'!H:H,J$3) -> 0 | K17: =SUMIFS('1.4原材料(その他)'!E:E,'1.4原材料(その他)'!C:C,A:A,'1.4原材料(その他)'!H:H,K$3) -> 1.9 | L17: =SUMIFS('1.4原材料(その他)'!E:E,'1.4原材料(その他)'!C:C,A:A,'1.4原材料(その他)'!H:H,L$3) -> 0 | M17: =SUMIFS('1.4原材料(その他)'!E:E,'1.4原材料(その他)'!C:C,A:A,'1.4原材料(その他)'!H:H,M$3) -> 1.6 | N17: =O17-(E17+F17-SUM(G17:M17)) -> 0 | O17: =SUMIF('1.5原材料在庫'!A:A,原材料SC明細!A17,'1.5原材料在庫'!D:D) -> 12.4
D18: 金額(円) | E18: 1.9411078e-10 | F18: =F17*$C17 -> 277200 | G18: =G17*$C17 -> 255203.86 | H18: =H17*$C17 -> 2673.5642 | I18: =I17*$C17 -> 0 | J18: =J17*$C17 -> 0 | K18: =K17*$C17 -> 2308.9873 | L18: =L17*$C17 -> 0 | M18: =M17*$C17 -> 1944.4103 | N18: =IFERROR(N17/SUM($E17:$F17)*SUM($E18:$F18),"") -> 0 | O18: =O17*$C17 -> 15069.18
A19: 8 | B19: ｲﾁｺﾞ | C19: =IFERROR(VLOOKUP(A19,'原料標準単価（貼付）'!B:E,3,FALSE),0) -> 2249.1039 | D19: 数量(㎏) | E19: 1.4876989e-14 | F19: =IFERROR(VLOOKUP(A19,'1.2①原材料受入'!A:E,3,FALSE),0) -> 27.9 | G19: =SUMIF('1.3②原材料使用'!C:E,A19,'1.3②原材料使用'!E:E) -> 21.22 | H19: =SUMIFS('1.4原材料(その他)'!E:E,'1.4原材料(その他)'!C:C,A:A,'1.4原材料(その他)'!H:H,H$3) -> 2.5 | I19: =SUMIFS('1.4原材料(その他)'!E:E,'1.4原材料(その他)'!C:C,A:A,'1.4原材料(その他)'!H:H,I$3) -> 0 | J19: =SUMIFS('1.4原材料(その他)'!E:E,'1.4原材料(その他)'!C:C,A:A,'1.4原材料(その他)'!H:H,J$3) -> 0 | K19: =SUMIFS('1.4原材料(その他)'!E:E,'1.4原材料(その他)'!C:C,A:A,'1.4原材料(その他)'!H:H,K$3) -> 0.835 | L19: =SUMIFS('1.4原材料(その他)'!E:E,'1.4原材料(その他)'!C:C,A:A,'1.4原材料(その他)'!H:H,L$3) -> 2.3 | M19: =SUMIFS('1.4原材料(その他)'!E:E,'1.4原材料(その他)'!C:C,A:A,'1.4原材料(その他)'!H:H,M$3) -> 1.05 | N19: =O19-(E19+F19-SUM(G19:M19)) -> -4.4408921e-16 | O19: =SUMIF('1.5原材料在庫'!A:A,原材料SC明細!A19,'1.5原材料在庫'!D:D) -> -0.005
D20: 金額(円) | E20: 3.3895632e-11 | F20: =F19*$C19 -> 62750 | G20: =G19*$C19 -> 47725.986 | H20: =H19*$C19 -> 5622.7599 | I20: =I19*$C19 -> 0 | J20: =J19*$C19 -> 0 | K20: =K19*$C19 -> 1878.0018 | L20: =L19*$C19 -> 5172.9391 | M20: =M19*$C19 -> 2361.5591 | N20: =IFERROR(N19/SUM($E19:$F19)*SUM($E20:$F20),"") -> -9.9880279e-13 | O20: =O19*$C19 -> -11.24552
A21: 9 | B21: 山ﾌﾞﾄﾞｳ | C21: =IFERROR(VLOOKUP(A21,'原料標準単価（貼付）'!B:E,3,FALSE),0) -> 1106.6425 | D21: 数量(㎏) | E21: -8.5265128e-14 | F21: =IFERROR(VLOOKUP(A21,'1.2①原材料受入'!A:E,3,FALSE),0) -> 248.4 | G21: =SUMIF('1.3②原材料使用'!C:E,A21,'1.3②原材料使用'!E:E) -> 210 | H21: =SUMIFS('1.4原材料(その他)'!E:E,'1.4原材料(その他)'!C:C,A:A,'1.4原材料(その他)'!H:H,H$3) -> 4 | I21: =SUMIFS('1.4原材料(その他)'!E:E,'1.4原材料(その他)'!C:C,A:A,'1.4原材料(その他)'!H:H,I$3) -> 3 | J21: =SUMIFS('1.4原材料(その他)'!E:E,'1.4原材料(その他)'!C:C,A:A,'1.4原材料(その他)'!H:H,J$3) -> 0 | K21: =SUMIFS('1.4原材料(その他)'!E:E,'1.4原材料(その他)'!C:C,A:A,'1.4原材料(その他)'!H:H,K$3) -> 7.8 | L21: =SUMIFS('1.4原材料(その他)'!E:E,'1.4原材料(その他)'!C:C,A:A,'1.4原材料(その他)'!H:H,L$3) -> 23.6 | M21: =SUMIFS('1.4原材料(その他)'!E:E,'1.4原材料(その他)'!C:C,A:A,'1.4原材料(その他)'!H:H,M$3) -> 0 | N21: =O21-(E21+F21-SUM(G21:M21)) -> 2.8421709e-14 | O21: =SUMIF('1.5原材料在庫'!A:A,原材料SC明細!A21,'1.5原材料在庫'!D:D) -> -5.6843419e-14
D22: 金額(円) | E22: -8.4820827e-11 | F22: =F21*$C21 -> 274890 | G22: =G21*$C21 -> 232394.93 | H22: =H21*$C21 -> 4426.57 | I22: =I21*$C21 -> 3319.9275 | J22: =J21*$C21 -> 0 | K22: =K21*$C21 -> 8631.8116 | L22: =L21*$C21 -> 26116.763 | M22: =M21*$C21 -> 0 | N22: =IFERROR(N21/SUM($E21:$F21)*SUM($E22:$F22),"") -> 3.1452672e-11 | O22: =O21*$C21 -> -6.2905344e-11
A23: 10 | B23: ﾌﾞﾄﾞｳ | C23: =IFERROR(VLOOKUP(A23,'原料標準単価（貼付）'!B:E,3,FALSE),0) -> 1088.172 | D23: 数量(㎏) | E23: 1.7763568e-15 | F23: =IFERROR(VLOOKUP(A23,'1.2①原材料受入'!A:E,3,FALSE),0) -> 1162.5 | G23: =SUMIF('1.3②原材料使用'!C:E,A23,'1.3②原材料使用'!E:E) -> 1050 | H23: =SUMIFS('1.4原材料(その他)'!E:E,'1.4原材料(その他)'!C:C,A:A,'1.4原材料(その他)'!H:H,H$3) -> 3 | I23: =SUMIFS('1.4原材料(その他)'!E:E,'1.4原材料(その他)'!C:C,A:A,'1.4原材料(その他)'!H:H,I$3) -> 15.34 | J23: =SUMIFS('1.4原材料(その他)'!E:E,'1.4原材料(その他)'!C:C,A:A,'1.4原材料(その他)'!H:H,J$3) -> 38.8 | K23: =SUMIFS('1.4原材料(その他)'!E:E,'1.4原材料(その他)'!C:C,A:A,'1.4原材料(その他)'!H:H,K$3) -> 6.34 | L23: =SUMIFS('1.4原材料(その他)'!E:E,'1.4原材料(その他)'!C:C,A:A,'1.4原材料(その他)'!H:H,L$3) -> 27.7 | M23: =SUMIFS('1.4原材料(その他)'!E:E,'1.4原材料(その他)'!C:C,A:A,'1.4原材料(その他)'!H:H,M$3) -> 21.32 | N23: =O23-(E23+F23-SUM(G23:M23)) -> 1.7763568e-15 | O23: =SUMIF('1.5原材料在庫'!A:A,原材料SC明細!A23,'1.5原材料在庫'!D:D) -> 2.2915003e-13
D24: 金額(円) | E24: 1.8045989e-12 | F24: =F23*$C23 -> 1265000 | G24: =G23*$C23 -> 1142580.6 | H24: =H23*$C23 -> 3264.5161 | I24: =I23*$C23 -> 16692.559 | J24: =J23*$C23 -> 42221.075 | K24: =K23*$C23 -> 6899.0108 | L24: =L23*$C23 -> 30142.366 | M24: =M23*$C23 -> 23199.828 | N24: =IFERROR(N23/SUM($E23:$F23)*SUM($E24:$F24),"") -> 1.9329819e-12 | O24: =O23*$C23 -> 2.4935466e-10
A25: 11 | B25: 山桃 | C25: =IFERROR(VLOOKUP(A25,'原料標準単価（貼付）'!B:E,3,FALSE),0) -> 3806.4972 | D25: 数量(㎏) | E25: 45.82 | F25: =IFERROR(VLOOKUP(A25,'1.2①原材料受入'!A:E,3,FALSE),0) -> 141.6 | G25: =SUMIF('1.3②原材料使用'!C:E,A25,'1.3②原材料使用'!E:E) -> 168 | H25: =SUMIFS('1.4原材料(その他)'!E:E,'1.4原材料(その他)'!C:C,A:A,'1.4原材料(その他)'!H:H,H$3) -> 2.1 | I25: =SUMIFS('1.4原材料(その他)'!E:E,'1.4原材料(その他)'!C:C,A:A,'1.4原材料(その他)'!H:H,I$3) -> 0 | J25: =SUMIFS('1.4原材料(その他)'!E:E,'1.4原材料(その他)'!C:C,A:A,'1.4原材料(その他)'!H:H,J$3) -> 0 | K25: =SUMIFS('1.4原材料(その他)'!E:E,'1.4原材料(その他)'!C:C,A:A,'1.4原材料(その他)'!H:H,K$3) -> 9.8 | L25: =SUMIFS('1.4原材料(その他)'!E:E,'1.4原材料(その他)'!C:C,A:A,'1.4原材料(その他)'!H:H,L$3) -> 0.21 | M25: =SUMIFS('1.4原材料(その他)'!E:E,'1.4原材料(その他)'!C:C,A:A,'1.4原材料(その他)'!H:H,M$3) -> -0.59 | N25: =O25-(E25+F25-SUM(G25:M25)) -> 2.3092639e-14 | O25: =SUMIF('1.5原材料在庫'!A:A,原材料SC明細!A25,'1.5原材料在庫'!D:D) -> 7.9
D26: 金額(円) | E26: 140990.43 | F26: =F25*$C25 -> 539000 | G26: =G25*$C25 -> 639491.53 | H26: =H25*$C25 -> 7993.6441 | I26: =I25*$C25 -> 0 | J26: =J25*$C25 -> 0 | K26: =K25*$C25 -> 37303.672 | L26: =L25*$C25 -> 799.36441 | M26: =M25*$C25 -> -2245.8333 | N26: =IFERROR(N25/SUM($E25:$F25)*SUM($E26:$F26),"") -> 8.3783873e-11 | O26: =O25*$C25 -> 30071.328
A27: 12 | B27: 梅 | C27: =IFERROR(VLOOKUP(A27,'原料標準単価（貼付）'!B:E,3,FALSE),0) -> 0 | D27: 数量(㎏) | E27: 4.458 | F27: =IFERROR(VLOOKUP(A27,'1.2①原材料受入'!A:E,3,FALSE),0) -> 16.6 | G27: =SUMIF('1.3②原材料使用'!C:E,A27,'1.3②原材料使用'!E:E) -> 6.3 | H27: =SUMIFS('1.4原材料(その他)'!E:E,'1.4原材料(その他)'!C:C,A:A,'1.4原材料(その他)'!H:H,H$3) -> 2.1 | I27: =SUMIFS('1.4原材料(その他)'!E:E,'1.4原材料(その他)'!C:C,A:A,'1.4原材料(その他)'!H:H,I$3) -> 0 | J27: =SUMIFS('1.4原材料(その他)'!E:E,'1.4原材料(その他)'!C:C,A:A,'1.4原材料(その他)'!H:H,J$3) -> 0 | K27: =SUMIFS('1.4原材料(その他)'!E:E,'1.4原材料(その他)'!C:C,A:A,'1.4原材料(その他)'!H:H,K$3) -> 5.28 | L27: =SUMIFS('1.4原材料(その他)'!E:E,'1.4原材料(その他)'!C:C,A:A,'1.4原材料(その他)'!H:H,L$3) -> 6.6 | M27: =SUMIFS('1.4原材料(その他)'!E:E,'1.4原材料(その他)'!C:C,A:A,'1.4原材料(その他)'!H:H,M$3) -> 0.72 | N27: =O27-(E27+F27-SUM(G27:M27)) -> -0.058 | O27: =SUMIF('1.5原材料在庫'!A:A,原材料SC明細!A27,'1.5原材料在庫'!D:D) -> 0
D28: 金額(円) | E28: 116.51141 | F28: =F27*$C27 -> 0 | G28: =G27*$C27 -> 0 | H28: =H27*$C27 -> 0 | I28: =I27*$C27 -> 0 | J28: =J27*$C27 -> 0 | K28: =K27*$C27 -> 0 | L28: =L27*$C27 -> 0 | M28: =M27*$C27 -> 0 | N28: =IFERROR(N27/SUM($E27:$F27)*SUM($E28:$F28),"") -> -0.32090711 | O28: =O27*$C27 -> 0
A29: 13 | B29: ﾈｰﾌﾞﾙ | C29: =IFERROR(VLOOKUP(A29,'原料標準単価（貼付）'!B:E,3,FALSE),0) -> 0 | D29: 数量(㎏) | E29: -5.6843419e-14 | F29: =IFERROR(VLOOKUP(A29,'1.2①原材料受入'!A:E,3,FALSE),0) -> 673.4 | G29: =SUMIF('1.3②原材料使用'!C:E,A29,'1.3②原材料使用'!E:E) -> 600 | H29: =SUMIFS('1.4原材料(その他)'!E:E,'1.4原材料(その他)'!C:C,A:A,'1.4原材料(その他)'!H:H,H$3) -> 4 | I29: =SUMIFS('1.4原材料(その他)'!E:E,'1.4原材料(その他)'!C:C,A:A,'1.4原材料(その他)'!H:H,I$3) -> 0 | J29: =SUMIFS('1.4原材料(その他)'!E:E,'1.4原材料(その他)'!C:C,A:A,'1.4原材料(その他)'!H:H,J$3) -> 0 | K29: =SUMIFS('1.4原材料(その他)'!E:E,'1.4原材料(その他)'!C:C,A:A,'1.4原材料(その他)'!H:H,K$3) -> 0 | L29: =SUMIFS('1.4原材料(その他)'!E:E,'1.4原材料(その他)'!C:C,A:A,'1.4原材料(その他)'!H:H,L$3) -> 31.5 | M29: =SUMIFS('1.4原材料(その他)'!E:E,'1.4原材料(その他)'!C:C,A:A,'1.4原材料(その他)'!H:H,M$3) -> 37.9 | N29: =O29-(E29+F29-SUM(G29:M29)) -> 1.1368684e-13 | O29: =SUMIF('1.5原材料在庫'!A:A,原材料SC明細!A29,'1.5原材料在庫'!D:D) -> 0
D30: 金額(円) | E30: 0 | F30: =F29*$C29 -> 0 | G30: =G29*$C29 -> 0 | H30: =H29*$C29 -> 0 | I30: =I29*$C29 -> 0 | J30: =J29*$C29 -> 0 | K30: =K29*$C29 -> 0 | L30: =L29*$C29 -> 0 | M30: =M29*$C29 -> 0 | N30: =IFERROR(N29/SUM($E29:$F29)*SUM($E30:$F30),"") -> 0 | O30: =O29*$C29 -> 0
A31: 14 | B31: ﾊｯｻｸ | C31: =IFERROR(VLOOKUP(A31,'原料標準単価（貼付）'!B:E,3,FALSE),0) -> 0 | D31: 数量(㎏) | E31: 2.1316282e-14 | F31: =IFERROR(VLOOKUP(A31,'1.2①原材料受入'!A:E,3,FALSE),0) -> 1510.5 | G31: =SUMIF('1.3②原材料使用'!C:E,A31,'1.3②原材料使用'!E:E) -> 1411.2 | H31: =SUMIFS('1.4原材料(その他)'!E:E,'1.4原材料(その他)'!C:C,A:A,'1.4原材料(その他)'!H:H,H$3) -> 4 | I31: =SUMIFS('1.4原材料(その他)'!E:E,'1.4原材料(その他)'!C:C,A:A,'1.4原材料(その他)'!H:H,I$3) -> 0 | J31: =SUMIFS('1.4原材料(その他)'!E:E,'1.4原材料(その他)'!C:C,A:A,'1.4原材料(その他)'!H:H,J$3) -> 0 | K31: =SUMIFS('1.4原材料(その他)'!E:E,'1.4原材料(その他)'!C:C,A:A,'1.4原材料(その他)'!H:H,K$3) -> 0 | L31: =SUMIFS('1.4原材料(その他)'!E:E,'1.4原材料(その他)'!C:C,A:A,'1.4原材料(その他)'!H:H,L$3) -> 60.9 | M31: =SUMIFS('1.4原材料(その他)'!E:E,'1.4原材料(その他)'!C:C,A:A,'1.4原材料(その他)'!H:H,M$3) -> 34.4 | N31: =O31-(E31+F31-SUM(G31:M31)) -> 1.3500312e-13 | O31: =SUMIF('1.5原材料在庫'!A:A,原材料SC明細!A31,'1.5原材料在庫'!D:D) -> 1.3500312e-13
D32: 金額(円) | E32: 0 | F32: =F31*$C31 -> 0 | G32: =G31*$C31 -> 0 | H32: =H31*$C31 -> 0 | I32: =I31*$C31 -> 0 | J32: =J31*$C31 -> 0 | K32: =K31*$C31 -> 0 | L32: =L31*$C31 -> 0 | M32: =M31*$C31 -> 0 | N32: =IFERROR(N31/SUM($E31:$F31)*SUM($E32:$F32),"") -> 0 | O32: =O31*$C31 -> 0
A33: 15 | B33: 温州みかん | C33: =IFERROR(VLOOKUP(A33,'原料標準単価（貼付）'!B:E,3,FALSE),0) -> 0 | D33: 数量(㎏) | E33: -1.0444978e-12 | F33: =IFERROR(VLOOKUP(A33,'1.2①原材料受入'!A:E,3,FALSE),0) -> 3933.3 | G33: =SUMIF('1.3②原材料使用'!C:E,A33,'1.3②原材料使用'!E:E) -> 3835.2 | H33: =SUMIFS('1.4原材料(その他)'!E:E,'1.4原材料(その他)'!C:C,A:A,'1.4原材料(その他)'!H:H,H$3) -> 4 | I33: =SUMIFS('1.4原材料(その他)'!E:E,'1.4原材料(その他)'!C:C,A:A,'1.4原材料(その他)'!H:H,I$3) -> 0 | J33: =SUMIFS('1.4原材料(その他)'!E:E,'1.4原材料(その他)'!C:C,A:A,'1.4原材料(その他)'!H:H,J$3) -> 0 | K33: =SUMIFS('1.4原材料(その他)'!E:E,'1.4原材料(その他)'!C:C,A:A,'1.4原材料(その他)'!H:H,K$3) -> 0 | L33: =SUMIFS('1.4原材料(その他)'!E:E,'1.4原材料(その他)'!C:C,A:A,'1.4原材料(その他)'!H:H,L$3) -> 30.24 | M33: =SUMIFS('1.4原材料(その他)'!E:E,'1.4原材料(その他)'!C:C,A:A,'1.4原材料(その他)'!H:H,M$3) -> 63.86 | N33: =O33-(E33+F33-SUM(G33:M33)) -> 7.1764816e-13 | O33: =SUMIF('1.5原材料在庫'!A:A,原材料SC明細!A33,'1.5原材料在庫'!D:D) -> -6.4659389e-13
D34: 金額(円) | E34: -2.1750925e-12 | F34: =F33*$C33 -> 0 | G34: =G33*$C33 -> 0 | H34: =H33*$C33 -> 0 | I34: =I33*$C33 -> 0 | J34: =J33*$C33 -> 0 | K34: =K33*$C33 -> 0 | L34: =L33*$C33 -> 0 | M34: =M33*$C33 -> 0 | N34: =IFERROR(N33/SUM($E33:$F33)*SUM($E34:$F34),"") -> -3.9685536e-28 | O34: =O33*$C33 -> 0
A35: 16 | B35: 夏みかん | C35: =IFERROR(VLOOKUP(A35,'原料標準単価（貼付）'!B:E,3,FALSE),0) -> 0 | D35: 数量(㎏) | E35: 8.8817842e-14 | F35: =IFERROR(VLOOKUP(A35,'1.2①原材料受入'!A:E,3,FALSE),0) -> 111.8 | G35: =SUMIF('1.3②原材料使用'!C:E,A35,'1.3②原材料使用'!E:E) -> 100.8 | H35: =SUMIFS('1.4原材料(その他)'!E:E,'1.4原材料(その他)'!C:C,A:A,'1.4原材料(その他)'!H:H,H$3) -> 4 | I35: =SUMIFS('1.4原材料(その他)'!E:E,'1.4原材料(その他)'!C:C,A:A,'1.4原材料(その他)'!H:H,I$3) -> 0 | J35: =SUMIFS('1.4原材料(その他)'!E:E,'1.4原材料(その他)'!C:C,A:A,'1.4原材料(その他)'!H:H,J$3) -> 0 | K35: =SUMIFS('1.4原材料(その他)'!E:E,'1.4原材料(その他)'!C:C,A:A,'1.4原材料(その他)'!H:H,K$3) -> 0 | L35: =SUMIFS('1.4原材料(その他)'!E:E,'1.4原材料(その他)'!C:C,A:A,'1.4原材料(その他)'!H:H,L$3) -> 5.1 | M35: =SUMIFS('1.4原材料(その他)'!E:E,'1.4原材料(その他)'!C:C,A:A,'1.4原材料(その他)'!H:H,M$3) -> 1.9 | N35: =O35-(E35+F35-SUM(G35:M35)) -> 2.4868996e-14 | O35: =SUMIF('1.5原材料在庫'!A:A,原材料SC明細!A35,'1.5原材料在庫'!D:D) -> 1.1013412e-13
D36: 金額(円) | E36: 0 | F36: =F35*$C35 -> 0 | G36: =G35*$C35 -> 0 | H36: =H35*$C35 -> 0 | I36: =I35*$C35 -> 0 | J36: =J35*$C35 -> 0 | K36: =K35*$C35 -> 0 | L36: =L35*$C35 -> 0 | M36: =M35*$C35 -> 0 | N36: =IFERROR(N35/SUM($E35:$F35)*SUM($E36:$F36),"") -> 0 | O36: =O35*$C35 -> 0
A37: 17 | B37: 伊予柑 | C37: =IFERROR(VLOOKUP(A37,'原料標準単価（貼付）'!B:E,3,FALSE),0) -> 0 | D37: 数量(㎏) | E37: 8.5265128e-14 | F37: =IFERROR(VLOOKUP(A37,'1.2①原材料受入'!A:E,3,FALSE),0) -> 222 | G37: =SUMIF('1.3②原材料使用'!C:E,A37,'1.3②原材料使用'!E:E) -> 201.6 | H37: =SUMIFS('1.4原材料(その他)'!E:E,'1.4原材料(その他)'!C:C,A:A,'1.4原材料(その他)'!H:H,H$3) -> 2 | I37: =SUMIFS('1.4原材料(その他)'!E:E,'1.4原材料(その他)'!C:C,A:A,'1.4原材料(その他)'!H:H,I$3) -> 0 | J37: =SUMIFS('1.4原材料(その他)'!E:E,'1.4原材料(その他)'!C:C,A:A,'1.4原材料(その他)'!H:H,J$3) -> 0 | K37: =SUMIFS('1.4原材料(その他)'!E:E,'1.4原材料(その他)'!C:C,A:A,'1.4原材料(その他)'!H:H,K$3) -> 0 | L37: =SUMIFS('1.4原材料(その他)'!E:E,'1.4原材料(その他)'!C:C,A:A,'1.4原材料(その他)'!H:H,L$3) -> 15.3 | M37: =SUMIFS('1.4原材料(その他)'!E:E,'1.4原材料(その他)'!C:C,A:A,'1.4原材料(その他)'!H:H,M$3) -> 3.1 | N37: =O37-(E37+F37-SUM(G37:M37)) -> 0 | O37: =SUMIF('1.5原材料在庫'!A:A,原材料SC明細!A37,'1.5原材料在庫'!D:D) -> 5.6843419e-14
D38: 金額(円) | E38: 1.5935113e-13 | F38: =F37*$C37 -> 0 | G38: =G37*$C37 -> 0 | H38: =H37*$C37 -> 0 | I38: =I37*$C37 -> 0 | J38: =J37*$C37 -> 0 | K38: =K37*$C37 -> 0 | L38: =L37*$C37 -> 0 | M38: =M37*$C37 -> 0 | N38: =IFERROR(N37/SUM($E37:$F37)*SUM($E38:$F38),"") -> 0 | O38: =O37*$C37 -> 0
A39: 18 | B39: ｷﾝｶﾝ | C39: =IFERROR(VLOOKUP(A39,'原料標準単価（貼付）'!B:E,3,FALSE),0) -> 0 | D39: 数量(㎏) | E39: 0 | F39: =IFERROR(VLOOKUP(A39,'1.2①原材料受入'!A:E,3,FALSE),0) -> 25.1 | G39: =SUMIF('1.3②原材料使用'!C:E,A39,'1.3②原材料使用'!E:E) -> 20.16 | H39: =SUMIFS('1.4原材料(その他)'!E:E,'1.4原材料(その他)'!C:C,A:A,'1.4原材料(その他)'!H:H,H$3) -> 2 | I39: =SUMIFS('1.4原材料(その他)'!E:E,'1.4原材料(その他)'!C:C,A:A,'1.4原材料(その他)'!H:H,I$3) -> 0 | J39: =SUMIFS('1.4原材料(その他)'!E:E,'1.4原材料(その他)'!C:C,A:A,'1.4原材料(その他)'!H:H,J$3) -> 0 | K39: =SUMIFS('1.4原材料(その他)'!E:E,'1.4原材料(その他)'!C:C,A:A,'1.4原材料(その他)'!H:H,K$3) -> 0 | L39: =SUMIFS('1.4原材料(その他)'!E:E,'1.4原材料(その他)'!C:C,A:A,'1.4原材料(その他)'!H:H,L$3) -> 2.4 | M39: =SUMIFS('1.4原材料(その他)'!E:E,'1.4原材料(その他)'!C:C,A:A,'1.4原材料(その他)'!H:H,M$3) -> 0.54 | N39: =O39-(E39+F39-SUM(G39:M39)) -> -3.5527137e-15 | O39: =SUMIF('1.5原材料在庫'!A:A,原材料SC明細!A39,'1.5原材料在庫'!D:D) -> 3.5527137e-15
D40: 金額(円) | E40: 0 | F40: =F39*$C39 -> 0 | G40: =G39*$C39 -> 0 | H40: =H39*$C39 -> 0 | I40: =I39*$C39 -> 0 | J40: =J39*$C39 -> 0 | K40: =K39*$C39 -> 0 | L40: =L39*$C39 -> 0 | M40: =M39*$C39 -> 0 | N40: =IFERROR(N39/SUM($E39:$F39)*SUM($E40:$F40),"") -> 0 | O40: =O39*$C39 -> 0
A41: 19 | B41: ﾕｽﾞ | C41: =IFERROR(VLOOKUP(A41,'原料標準単価（貼付）'!B:E,3,FALSE),0) -> 0 | D41: 数量(㎏) | E41: 7.1054274e-15 | F41: =IFERROR(VLOOKUP(A41,'1.2①原材料受入'!A:E,3,FALSE),0) -> 30 | G41: =SUMIF('1.3②原材料使用'!C:E,A41,'1.3②原材料使用'!E:E) -> 20.16 | H41: =SUMIFS('1.4原材料(その他)'!E:E,'1.4原材料(その他)'!C:C,A:A,'1.4原材料(その他)'!H:H,H$3) -> 2 | I41: =SUMIFS('1.4原材料(その他)'!E:E,'1.4原材料(その他)'!C:C,A:A,'1.4原材料(その他)'!H:H,I$3) -> 0 | J41: =SUMIFS('1.4原材料(その他)'!E:E,'1.4原材料(その他)'!C:C,A:A,'1.4原材料(その他)'!H:H,J$3) -> 0 | K41: =SUMIFS('1.4原材料(その他)'!E:E,'1.4原材料(その他)'!C:C,A:A,'1.4原材料(その他)'!H:H,K$3) -> 0 | L41: =SUMIFS('1.4原材料(その他)'!E:E,'1.4原材料(その他)'!C:C,A:A,'1.4原材料(その他)'!H:H,L$3) -> 8.1 | M41: =SUMIFS('1.4原材料(その他)'!E:E,'1.4原材料(その他)'!C:C,A:A,'1.4原材料(その他)'!H:H,M$3) -> -0.26 | N41: =O41-(E41+F41-SUM(G41:M41)) -> 0 | O41: =SUMIF('1.5原材料在庫'!A:A,原材料SC明細!A41,'1.5原材料在庫'!D:D) -> 1.0658141e-14
D42: 金額(円) | E42: 4.2917625e-13 | F42: =F41*$C41 -> 0 | G42: =G41*$C41 -> 0 | H42: =H41*$C41 -> 0 | I42: =I41*$C41 -> 0 | J42: =J41*$C41 -> 0 | K42: =K41*$C41 -> 0 | L42: =L41*$C41 -> 0 | M42: =M41*$C41 -> 0 | N42: =IFERROR(N41/SUM($E41:$F41)*SUM($E42:$F42),"") -> 0 | O42: =O41*$C41 -> 0
A43: 20 | B43: ｶﾎﾞｽ | C43: =IFERROR(VLOOKUP(A43,'原料標準単価（貼付）'!B:E,3,FALSE),0) -> 0 | D43: 数量(㎏) | E43: 0 | F43: =IFERROR(VLOOKUP(A43,'1.2①原材料受入'!A:E,3,FALSE),0) -> 30.6 | G43: =SUMIF('1.3②原材料使用'!C:E,A43,'1.3②原材料使用'!E:E) -> 20.16 | H43: =SUMIFS('1.4原材料(その他)'!E:E,'1.4原材料(その他)'!C:C,A:A,'1.4原材料(その他)'!H:H,H$3) -> 2 | I43: =SUMIFS('1.4原材料(その他)'!E:E,'1.4原材料(その他)'!C:C,A:A,'1.4原材料(その他)'!H:H,I$3) -> 0 | J43: =SUMIFS('1.4原材料(その他)'!E:E,'1.4原材料(その他)'!C:C,A:A,'1.4原材料(その他)'!H:H,J$3) -> 0 | K43: =SUMIFS('1.4原材料(その他)'!E:E,'1.4原材料(その他)'!C:C,A:A,'1.4原材料(その他)'!H:H,K$3) -> 0 | L43: =SUMIFS('1.4原材料(その他)'!E:E,'1.4原材料(その他)'!C:C,A:A,'1.4原材料(その他)'!H:H,L$3) -> 7.73 | M43: =SUMIFS('1.4原材料(その他)'!E:E,'1.4原材料(その他)'!C:C,A:A,'1.4原材料(その他)'!H:H,M$3) -> 0.71 | N43: =O43-(E43+F43-SUM(G43:M43)) -> 3.5527137e-15 | O43: =SUMIF('1.5原材料在庫'!A:A,原材料SC明細!A43,'1.5原材料在庫'!D:D) -> 7.1054274e-15
D44: 金額(円) | E44: 0 | F44: =F43*$C43 -> 0 | G44: =G43*$C43 -> 0 | H44: =H43*$C43 -> 0 | I44: =I43*$C43 -> 0 | J44: =J43*$C43 -> 0 | K44: =K43*$C43 -> 0 | L44: =L43*$C43 -> 0 | M44: =M43*$C43 -> 0 | N44: =IFERROR(N43/SUM($E43:$F43)*SUM($E44:$F44),"") -> 0 | O44: =O43*$C43 -> 0
A45: 21 | B45: ｻﾞﾎﾞﾝ | C45: =IFERROR(VLOOKUP(A45,'原料標準単価（貼付）'!B:E,3,FALSE),0) -> 0 | D45: 数量(㎏) | E45: -8.8817842e-15 | F45: =IFERROR(VLOOKUP(A45,'1.2①原材料受入'!A:E,3,FALSE),0) -> 31.1 | G45: =SUMIF('1.3②原材料使用'!C:E,A45,'1.3②原材料使用'!E:E) -> 20.16 | H45: =SUMIFS('1.4原材料(その他)'!E:E,'1.4原材料(その他)'!C:C,A:A,'1.4原材料(その他)'!H:H,H$3) -> 2 | I45: =SUMIFS('1.4原材料(その他)'!E:E,'1.4原材料(その他)'!C:C,A:A,'1.4原材料(その他)'!H:H,I$3) -> 0 | J45: =SUMIFS('1.4原材料(その他)'!E:E,'1.4原材料(その他)'!C:C,A:A,'1.4原材料(その他)'!H:H,J$3) -> 0 | K45: =SUMIFS('1.4原材料(その他)'!E:E,'1.4原材料(その他)'!C:C,A:A,'1.4原材料(その他)'!H:H,K$3) -> 0 | L45: =SUMIFS('1.4原材料(その他)'!E:E,'1.4原材料(その他)'!C:C,A:A,'1.4原材料(その他)'!H:H,L$3) -> 6.27 | M45: =SUMIFS('1.4原材料(その他)'!E:E,'1.4原材料(その他)'!C:C,A:A,'1.4原材料(その他)'!H:H,M$3) -> 2.67 | N45: =O45-(E45+F45-SUM(G45:M45)) -> -1.7763568e-15 | O45: =SUMIF('1.5原材料在庫'!A:A,原材料SC明細!A45,'1.5原材料在庫'!D:D) -> -1.7763568e-15
D46: 金額(円) | E46: 4.6067797e-79 | F46: =F45*$C45 -> 0 | G46: =G45*$C45 -> 0 | H46: =H45*$C45 -> 0 | I46: =I45*$C45 -> 0 | J46: =J45*$C45 -> 0 | K46: =K45*$C45 -> 0 | L46: =L45*$C45 -> 0 | M46: =M45*$C45 -> 0 | N46: =IFERROR(N45/SUM($E45:$F45)*SUM($E46:$F46),"") -> -2.6312812e-95 | O46: =O45*$C45 -> 0
A47: 22 | B47: ﾎﾟﾝｶﾝ | C47: =IFERROR(VLOOKUP(A47,'原料標準単価（貼付）'!B:E,3,FALSE),0) -> 0 | D47: 数量(㎏) | E47: 0 | F47: =IFERROR(VLOOKUP(A47,'1.2①原材料受入'!A:E,3,FALSE),0) -> 30.6 | G47: =SUMIF('1.3②原材料使用'!C:E,A47,'1.3②原材料使用'!E:E) -> 20.16 | H47: =SUMIFS('1.4原材料(その他)'!E:E,'1.4原材料(その他)'!C:C,A:A,'1.4原材料(その他)'!H:H,H$3) -> 2 | I47: =SUMIFS('1.4原材料(その他)'!E:E,'1.4原材料(その他)'!C:C,A:A,'1.4原材料(その他)'!H:H,I$3) -> 0 | J47: =SUMIFS('1.4原材料(その他)'!E:E,'1.4原材料(その他)'!C:C,A:A,'1.4原材料(その他)'!H:H,J$3) -> 0 | K47: =SUMIFS('1.4原材料(その他)'!E:E,'1.4原材料(その他)'!C:C,A:A,'1.4原材料(その他)'!H:H,K$3) -> 0 | L47: =SUMIFS('1.4原材料(その他)'!E:E,'1.4原材料(その他)'!C:C,A:A,'1.4原材料(その他)'!H:H,L$3) -> 6.47 | M47: =SUMIFS('1.4原材料(その他)'!E:E,'1.4原材料(その他)'!C:C,A:A,'1.4原材料(その他)'!H:H,M$3) -> 1.97 | N47: =O47-(E47+F47-SUM(G47:M47)) -> 0 | O47: =SUMIF('1.5原材料在庫'!A:A,原材料SC明細!A47,'1.5原材料在庫'!D:D) -> 7.1054274e-15
D48: 金額(円) | E48: 0 | F48: =F47*$C47 -> 0 | G48: =G47*$C47 -> 0 | H48: =H47*$C47 -> 0 | I48: =I47*$C47 -> 0 | J48: =J47*$C47 -> 0 | K48: =K47*$C47 -> 0 | L48: =L47*$C47 -> 0 | M48: =M47*$C47 -> 0 | N48: =IFERROR(N47/SUM($E47:$F47)*SUM($E48:$F48),"") -> 0 | O48: =O47*$C47 -> 0
A49: 23 | B49: ﾚﾓﾝ | C49: =IFERROR(VLOOKUP(A49,'原料標準単価（貼付）'!B:E,3,FALSE),0) -> 0 | D49: 数量(㎏) | E49: 8.5265128e-14 | F49: =IFERROR(VLOOKUP(A49,'1.2①原材料受入'!A:E,3,FALSE),0) -> 224 | G49: =SUMIF('1.3②原材料使用'!C:E,A49,'1.3②原材料使用'!E:E) -> 201.6 | H49: =SUMIFS('1.4原材料(その他)'!E:E,'1.4原材料(その他)'!C:C,A:A,'1.4原材料(その他)'!H:H,H$3) -> 2 | I49: =SUMIFS('1.4原材料(その他)'!E:E,'1.4原材料(その他)'!C:C,A:A,'1.4原材料(その他)'!H:H,I$3) -> 0 | J49: =SUMIFS('1.4原材料(その他)'!E:E,'1.4原材料(その他)'!C:C,A:A,'1.4原材料(その他)'!H:H,J$3) -> 0 | K49: =SUMIFS('1.4原材料(その他)'!E:E,'1.4原材料(その他)'!C:C,A:A,'1.4原材料(その他)'!H:H,K$3) -> 0 | L49: =SUMIFS('1.4原材料(その他)'!E:E,'1.4原材料(その他)'!C:C,A:A,'1.4原材料(その他)'!H:H,L$3) -> 19.69 | M49: =SUMIFS('1.4原材料(その他)'!E:E,'1.4原材料(その他)'!C:C,A:A,'1.4原材料(その他)'!H:H,M$3) -> 0.71 | N49: =O49-(E49+F49-SUM(G49:M49)) -> 0 | O49: =SUMIF('1.5原材料在庫'!A:A,原材料SC明細!A49,'1.5原材料在庫'!D:D) -> 5.6843419e-14
D50: 金額(円) | E50: 1.0448502e-12 | F50: =F49*$C49 -> 0 | G50: =G49*$C49 -> 0 | H50: =H49*$C49 -> 0 | I50: =I49*$C49 -> 0 | J50: =J49*$C49 -> 0 | K50: =K49*$C49 -> 0 | L50: =L49*$C49 -> 0 | M50: =M49*$C49 -> 0 | N50: =IFERROR(N49/SUM($E49:$F49)*SUM($E50:$F50),"") -> 0 | O50: =O49*$C49 -> 0
A51: 24 | B51: ｺﾞﾎﾞｳ | C51: =IFERROR(VLOOKUP(A51,'原料標準単価（貼付）'!B:E,3,FALSE),0) -> 429.39297 | D51: 数量(㎏) | E51: -7.1054274e-15 | F51: =IFERROR(VLOOKUP(A51,'1.2①原材料受入'!A:E,3,FALSE),0) -> 31.3 | G51: =SUMIF('1.3②原材料使用'!C:E,A51,'1.3②原材料使用'!E:E) -> 21 | H51: =SUMIFS('1.4原材料(その他)'!E:E,'1.4原材料(その他)'!C:C,A:A,'1.4原材料(その他)'!H:H,H$3) -> 2 | I51: =SUMIFS('1.4原材料(その他)'!E:E,'1.4原材料(その他)'!C:C,A:A,'1.4原材料(その他)'!H:H,I$3) -> 0 | J51: =SUMIFS('1.4原材料(その他)'!E:E,'1.4原材料(その他)'!C:C,A:A,'1.4原材料(その他)'!H:H,J$3) -> 0 | K51: =SUMIFS('1.4原材料(その他)'!E:E,'1.4原材料(その他)'!C:C,A:A,'1.4原材料(その他)'!H:H,K$3) -> 3.25 | L51: =SUMIFS('1.4原材料(その他)'!E:E,'1.4原材料(その他)'!C:C,A:A,'1.4原材料(その他)'!H:H,L$3) -> 5 | M51: =SUMIFS('1.4原材料(その他)'!E:E,'1.4原材料(その他)'!C:C,A:A,'1.4原材料(その他)'!H:H,M$3) -> 0.05 | N51: =O51-(E51+F51-SUM(G51:M51)) -> 3.5527137e-15 | O51: =SUMIF('1.5原材料在庫'!A:A,原材料SC明細!A51,'1.5原材料在庫'!D:D) -> -7.1054274e-15
D52: 金額(円) | E52: -3.4988424e-12 | F52: =F51*$C51 -> 13440 | G52: =G51*$C51 -> 9017.2524 | H52: =H51*$C51 -> 858.78594 | I52: =I51*$C51 -> 0 | J52: =J51*$C51 -> 0 | K52: =K51*$C51 -> 1395.5272 | L52: =L51*$C51 -> 2146.9649 | M52: =M51*$C51 -> 21.469649 | N52: =IFERROR(N51/SUM($E51:$F51)*SUM($E52:$F52),"") -> 1.5255103e-12 | O52: =O51*$C51 -> -3.0510206e-12
A53: 25 | B53: ﾆﾝｼﾞﾝ(西洋) | C53: =IFERROR(VLOOKUP(A53,'原料標準単価（貼付）'!B:E,3,FALSE),0) -> 4.9713193 | D53: 数量(㎏) | E53: 24.8 | F53: =IFERROR(VLOOKUP(A53,'1.2①原材料受入'!A:E,3,FALSE),0) -> 1150.6 | G53: =SUMIF('1.3②原材料使用'!C:E,A53,'1.3②原材料使用'!E:E) -> 1110.8 | H53: =SUMIFS('1.4原材料(その他)'!E:E,'1.4原材料(その他)'!C:C,A:A,'1.4原材料(その他)'!H:H,H$3) -> 2 | I53: =SUMIFS('1.4原材料(その他)'!E:E,'1.4原材料(その他)'!C:C,A:A,'1.4原材料(その他)'!H:H,I$3) -> 0 | J53: =SUMIFS('1.4原材料(その他)'!E:E,'1.4原材料(その他)'!C:C,A:A,'1.4原材料(その他)'!H:H,J$3) -> 0 | K53: =SUMIFS('1.4原材料(その他)'!E:E,'1.4原材料(その他)'!C:C,A:A,'1.4原材料(その他)'!H:H,K$3) -> 22.75 | L53: =SUMIFS('1.4原材料(その他)'!E:E,'1.4原材料(その他)'!C:C,A:A,'1.4原材料(その他)'!H:H,L$3) -> 37.6 | M53: =SUMIFS('1.4原材料(その他)'!E:E,'1.4原材料(その他)'!C:C,A:A,'1.4原材料(その他)'!H:H,M$3) -> 2.25 | N53: =O53-(E53+F53-SUM(G53:M53)) -> -2.2737368e-13 | O53: =SUMIF('1.5原材料在庫'!A:A,原材料SC明細!A53,'1.5原材料在庫'!D:D) -> -2.2737368e-13
D54: 金額(円) | E54: 4663.2107 | F54: =F53*$C53 -> 5720 | G54: =G53*$C53 -> 5522.1415 | H54: =H53*$C53 -> 9.9426386 | I54: =I53*$C53 -> 0 | J54: =J53*$C53 -> 0 | K54: =K53*$C53 -> 113.09751 | L54: =L53*$C53 -> 186.92161 | M54: =M53*$C53 -> 11.185468 | N54: =IFERROR(N53/SUM($E53:$F53)*SUM($E54:$F54),"") -> -2.0085663e-12 | O54: =O53*$C53 -> -1.1303471e-12
A55: 26 | B55: ﾆﾝｼﾞﾝ(金時) | C55: =IFERROR(VLOOKUP(A55,'原料標準単価（貼付）'!B:E,3,FALSE),0) -> 245.31246 | D55: 数量(㎏) | E55: 2.2915003e-13 | F55: =IFERROR(VLOOKUP(A55,'1.2①原材料受入'!A:E,3,FALSE),0) -> 862.5 | G55: =SUMIF('1.3②原材料使用'!C:E,A55,'1.3②原材料使用'!E:E) -> 735 | H55: =SUMIFS('1.4原材料(その他)'!E:E,'1.4原材料(その他)'!C:C,A:A,'1.4原材料(その他)'!H:H,H$3) -> 2 | I55: =SUMIFS('1.4原材料(その他)'!E:E,'1.4原材料(その他)'!C:C,A:A,'1.4原材料(その他)'!H:H,I$3) -> 0 | J55: =SUMIFS('1.4原材料(その他)'!E:E,'1.4原材料(その他)'!C:C,A:A,'1.4原材料(その他)'!H:H,J$3) -> 0 | K55: =SUMIFS('1.4原材料(その他)'!E:E,'1.4原材料(その他)'!C:C,A:A,'1.4原材料(その他)'!H:H,K$3) -> 103.21 | L55: =SUMIFS('1.4原材料(その他)'!E:E,'1.4原材料(その他)'!C:C,A:A,'1.4原材料(その他)'!H:H,L$3) -> 20.93 | M55: =SUMIFS('1.4原材料(その他)'!E:E,'1.4原材料(その他)'!C:C,A:A,'1.4原材料(その他)'!H:H,M$3) -> 1.36 | N55: =O55-(E55+F55-SUM(G55:M55)) -> 1.1546319e-13 | O55: =SUMIF('1.5原材料在庫'!A:A,原材料SC明細!A55,'1.5原材料在庫'!D:D) -> 3.4283687e-13
D56: 金額(円) | E56: 5.5415404e-11 | F56: =F55*$C55 -> 211582 | G56: =G55*$C55 -> 180304.66 | H56: =H55*$C55 -> 490.62493 | I56: =I55*$C55 -> 0 | J56: =J55*$C55 -> 0 | K56: =K55*$C55 -> 25318.699 | L56: =L55*$C55 -> 5134.3899 | M56: =M55*$C55 -> 333.62495 | N56: =IFERROR(N55/SUM($E55:$F55)*SUM($E56:$F56),"") -> 2.8324561e-11 | O56: =O55*$C55 -> 8.4102157e-11
A57: 27 | B57: ﾆﾝﾆｸ | C57: =IFERROR(VLOOKUP(A57,'原料標準単価（貼付）'!B:E,3,FALSE),0) -> 3058.5712 | D57: 数量(㎏) | E57: 0.703 | F57: =IFERROR(VLOOKUP(A57,'1.2①原材料受入'!A:E,3,FALSE),0) -> 536.1 | G57: =SUMIF('1.3②原材料使用'!C:E,A57,'1.3②原材料使用'!E:E) -> 531.005 | H57: =SUMIFS('1.4原材料(その他)'!E:E,'1.4原材料(その他)'!C:C,A:A,'1.4原材料(その他)'!H:H,H$3) -> 4.1 | I57: =SUMIFS('1.4原材料(その他)'!E:E,'1.4原材料(その他)'!C:C,A:A,'1.4原材料(その他)'!H:H,I$3) -> 0 | J57: =SUMIFS('1.4原材料(その他)'!E:E,'1.4原材料(その他)'!C:C,A:A,'1.4原材料(その他)'!H:H,J$3) -> 0 | K57: =SUMIFS('1.4原材料(その他)'!E:E,'1.4原材料(その他)'!C:C,A:A,'1.4原材料(その他)'!H:H,K$3) -> 4.78 | L57: =SUMIFS('1.4原材料(その他)'!E:E,'1.4原材料(その他)'!C:C,A:A,'1.4原材料(その他)'!H:H,L$3) -> 1.8 | M57: =SUMIFS('1.4原材料(その他)'!E:E,'1.4原材料(その他)'!C:C,A:A,'1.4原材料(その他)'!H:H,M$3) -> -4.885 | N57: =O57-(E57+F57-SUM(G57:M57)) -> -2.8421709e-14 | O57: =SUMIF('1.5原材料在庫'!A:A,原材料SC明細!A57,'1.5原材料在庫'!D:D) -> 0.003
D58: 金額(円) | E58: 1904.5041 | F58: =F57*$C57 -> 1639700 | G58: =G57*$C57 -> 1624116.6 | H58: =H57*$C57 -> 12540.142 | I58: =I57*$C57 -> 0 | J58: =J57*$C57 -> 0 | K58: =K57*$C57 -> 14619.97 | L58: =L57*$C57 -> 5505.4281 | M58: =M57*$C57 -> -14941.12 | N58: =IFERROR(N57/SUM($E57:$F57)*SUM($E58:$F58),"") -> -8.6916813e-11 | O58: =O57*$C57 -> 9.1757135
A59: 28 | B59: ﾚﾝｺﾝ | C59: =IFERROR(VLOOKUP(A59,'原料標準単価（貼付）'!B:E,3,FALSE),0) -> 614.42006 | D59: 数量(㎏) | E59: 2.264855e-14 | F59: =IFERROR(VLOOKUP(A59,'1.2①原材料受入'!A:E,3,FALSE),0) -> 31.9 | G59: =SUMIF('1.3②原材料使用'!C:E,A59,'1.3②原材料使用'!E:E) -> 21 | H59: =SUMIFS('1.4原材料(その他)'!E:E,'1.4原材料(その他)'!C:C,A:A,'1.4原材料(その他)'!H:H,H$3) -> 2 | I59: =SUMIFS('1.4原材料(その他)'!E:E,'1.4原材料(その他)'!C:C,A:A,'1.4原材料(その他)'!H:H,I$3) -> 0 | J59: =SUMIFS('1.4原材料(その他)'!E:E,'1.4原材料(その他)'!C:C,A:A,'1.4原材料(その他)'!H:H,J$3) -> 0 | K59: =SUMIFS('1.4原材料(その他)'!E:E,'1.4原材料(その他)'!C:C,A:A,'1.4原材料(その他)'!H:H,K$3) -> 3.14 | L59: =SUMIFS('1.4原材料(その他)'!E:E,'1.4原材料(その他)'!C:C,A:A,'1.4原材料(その他)'!H:H,L$3) -> 5.85 | M59: =SUMIFS('1.4原材料(その他)'!E:E,'1.4原材料(その他)'!C:C,A:A,'1.4原材料(その他)'!H:H,M$3) -> -0.09 | N59: =O59-(E59+F59-SUM(G59:M59)) -> 8.437695e-15 | O59: =SUMIF('1.5原材料在庫'!A:A,原材料SC明細!A59,'1.5原材料在庫'!D:D) -> 2.6201263e-14
D60: 金額(円) | E60: 1.4385373e-11 | F60: =F59*$C59 -> 19600 | G60: =G59*$C59 -> 12902.821 | H60: =H59*$C59 -> 1228.8401 | I60: =I59*$C59 -> 0 | J60: =J59*$C59 -> 0 | K60: =K59*$C59 -> 1929.279 | L60: =L59*$C59 -> 3594.3574 | M60: =M59*$C59 -> -55.297806 | N60: =IFERROR(N59/SUM($E59:$F59)*SUM($E60:$F60),"") -> 5.1842891e-12 | O60: =O59*$C59 -> 1.6098582e-11
A61: 29 | B61: ﾕﾘ根 | C61: =IFERROR(VLOOKUP(A61,'原料標準単価（貼付）'!B:E,3,FALSE),0) -> 1826.9231 | D61: 数量(㎏) | E61: -1.2434498e-14 | F61: =IFERROR(VLOOKUP(A61,'1.2①原材料受入'!A:E,3,FALSE),0) -> 36.4 | G61: =SUMIF('1.3②原材料使用'!C:E,A61,'1.3②原材料使用'!E:E) -> 21 | H61: =SUMIFS('1.4原材料(その他)'!E:E,'1.4原材料(その他)'!C:C,A:A,'1.4原材料(その他)'!H:H,H$3) -> 2 | I61: =SUMIFS('1.4原材料(その他)'!E:E,'1.4原材料(その他)'!C:C,A:A,'1.4原材料(その他)'!H:H,I$3) -> 0 | J61: =SUMIFS('1.4原材料(その他)'!E:E,'1.4原材料(その他)'!C:C,A:A,'1.4原材料(その他)'!H:H,J$3) -> 0 | K61: =SUMIFS('1.4原材料(その他)'!E:E,'1.4原材料(その他)'!C:C,A:A,'1.4原材料(その他)'!H:H,K$3) -> 2.85 | L61: =SUMIFS('1.4原材料(その他)'!E:E,'1.4原材料(その他)'!C:C,A:A,'1.4原材料(その他)'!H:H,L$3) -> 10.56 | M61: =SUMIFS('1.4原材料(その他)'!E:E,'1.4原材料(その他)'!C:C,A:A,'1.4原材料(その他)'!H:H,M$3) -> -0.01 | N61: =O61-(E61+F61-SUM(G61:M61)) -> 8.8817842e-15 | O61: =SUMIF('1.5原材料在庫'!A:A,原材料SC明細!A61,'1.5原材料在庫'!D:D) -> -1.2434498e-14
D62: 金額(円) | E62: -2.3468328e-11 | F62: =F61*$C61 -> 66500 | G62: =G61*$C61 -> 38365.385 | H62: =H61*$C61 -> 3653.8462 | I62: =I61*$C61 -> 0 | J62: =J61*$C61 -> 0 | K62: =K61*$C61 -> 5206.7308 | L62: =L61*$C61 -> 19292.308 | M62: =M61*$C61 -> -18.269231 | N62: =IFERROR(N61/SUM($E61:$F61)*SUM($E62:$F62),"") -> 1.6226337e-11 | O62: =O61*$C61 -> -2.2716871e-11
A63: 30 | B63: 玄米 | C63: =IFERROR(VLOOKUP(A63,'原料標準単価（貼付）'!B:E,3,FALSE),0) -> 459 | D63: 数量(㎏) | E63: 19.944 | F63: =IFERROR(VLOOKUP(A63,'1.2①原材料受入'!A:E,3,FALSE),0) -> 2430 | G63: =SUMIF('1.3②原材料使用'!C:E,A63,'1.3②原材料使用'!E:E) -> 2419.2 | H63: =SUMIFS('1.4原材料(その他)'!E:E,'1.4原材料(その他)'!C:C,A:A,'1.4原材料(その他)'!H:H,H$3) -> 2 | I63: =SUMIFS('1.4原材料(その他)'!E:E,'1.4原材料(その他)'!C:C,A:A,'1.4原材料(その他)'!H:H,I$3) -> 0 | J63: =SUMIFS('1.4原材料(その他)'!E:E,'1.4原材料(その他)'!C:C,A:A,'1.4原材料(その他)'!H:H,J$3) -> 0 | K63: =SUMIFS('1.4原材料(その他)'!E:E,'1.4原材料(その他)'!C:C,A:A,'1.4原材料(その他)'!H:H,K$3) -> 0 | L63: =SUMIFS('1.4原材料(その他)'!E:E,'1.4原材料(その他)'!C:C,A:A,'1.4原材料(その他)'!H:H,L$3) -> 0 | M63: =SUMIFS('1.4原材料(その他)'!E:E,'1.4原材料(その他)'!C:C,A:A,'1.4原材料(その他)'!H:H,M$3) -> 0.64 | N63: =O63-(E63+F63-SUM(G63:M63)) -> -1.9895197e-13 | O63: =SUMIF('1.5原材料在庫'!A:A,原材料SC明細!A63,'1.5原材料在庫'!D:D) -> 28.104
D64: 金額(円) | E64: 9151.398 | F64: =F63*$C63 -> 1115370 | G64: =G63*$C63 -> 1110412.8 | H64: =H63*$C63 -> 918 | I64: =I63*$C63 -> 0 | J64: =J63*$C63 -> 0 | K64: =K63*$C63 -> 0 | L64: =L63*$C63 -> 0 | M64: =M63*$C63 -> 293.76 | N64: =IFERROR(N63/SUM($E63:$F63)*SUM($E64:$F64),"") -> -9.1318717e-11 | O64: =O63*$C63 -> 12899.736
A65: 31 | B65: もち米 | C65: =IFERROR(VLOOKUP(A65,'原料標準単価（貼付）'!B:E,3,FALSE),0) -> 638 | D65: 数量(㎏) | E65: 21.95 | F65: =IFERROR(VLOOKUP(A65,'1.2①原材料受入'!A:E,3,FALSE),0) -> 1530 | G65: =SUMIF('1.3②原材料使用'!C:E,A65,'1.3②原材料使用'!E:E) -> 1519.5 | H65: =SUMIFS('1.4原材料(その他)'!E:E,'1.4原材料(その他)'!C:C,A:A,'1.4原材料(その他)'!H:H,H$3) -> 2 | I65: =SUMIFS('1.4原材料(その他)'!E:E,'1.4原材料(その他)'!C:C,A:A,'1.4原材料(その他)'!H:H,I$3) -> 0 | J65: =SUMIFS('1.4原材料(その他)'!E:E,'1.4原材料(その他)'!C:C,A:A,'1.4原材料(その他)'!H:H,J$3) -> 0 | K65: =SUMIFS('1.4原材料(その他)'!E:E,'1.4原材料(その他)'!C:C,A:A,'1.4原材料(その他)'!H:H,K$3) -> 0 | L65: =SUMIFS('1.4原材料(その他)'!E:E,'1.4原材料(その他)'!C:C,A:A,'1.4原材料(その他)'!H:H,L$3) -> 0 | M65: =SUMIFS('1.4原材料(その他)'!E:E,'1.4原材料(その他)'!C:C,A:A,'1.4原材料(その他)'!H:H,M$3) -> 5.55 | N65: =O65-(E65+F65-SUM(G65:M65)) -> 0 | O65: =SUMIF('1.5原材料在庫'!A:A,原材料SC明細!A65,'1.5原材料在庫'!D:D) -> 24.9
D66: 金額(円) | E66: 14004.1 | F66: =F65*$C65 -> 976140 | G66: =G65*$C65 -> 969441 | H66: =H65*$C65 -> 1276 | I66: =I65*$C65 -> 0 | J66: =J65*$C65 -> 0 | K66: =K65*$C65 -> 0 | L66: =L65*$C65 -> 0 | M66: =M65*$C65 -> 3540.9 | N66: =IFERROR(N65/SUM($E65:$F65)*SUM($E66:$F66),"") -> 0 | O66: =O65*$C65 -> 15886.2
A67: 32 | B67: 白米 | C67: =IFERROR(VLOOKUP(A67,'原料標準単価（貼付）'!B:E,3,FALSE),0) -> 459 | D67: 数量(㎏) | E67: 20.57 | F67: =IFERROR(VLOOKUP(A67,'1.2①原材料受入'!A:E,3,FALSE),0) -> 3090 | G67: =SUMIF('1.3②原材料使用'!C:E,A67,'1.3②原材料使用'!E:E) -> 3094.5 | H67: =SUMIFS('1.4原材料(その他)'!E:E,'1.4原材料(その他)'!C:C,A:A,'1.4原材料(その他)'!H:H,H$3) -> 2 | I67: =SUMIFS('1.4原材料(その他)'!E:E,'1.4原材料(その他)'!C:C,A:A,'1.4原材料(その他)'!H:H,I$3) -> 0 | J67: =SUMIFS('1.4原材料(その他)'!E:E,'1.4原材料(その他)'!C:C,A:A,'1.4原材料(その他)'!H:H,J$3) -> 0 | K67: =SUMIFS('1.4原材料(その他)'!E:E,'1.4原材料(その他)'!C:C,A:A,'1.4原材料(その他)'!H:H,K$3) -> 0 | L67: =SUMIFS('1.4原材料(その他)'!E:E,'1.4原材料(その他)'!C:C,A:A,'1.4原材料(その他)'!H:H,L$3) -> 0 | M67: =SUMIFS('1.4原材料(その他)'!E:E,'1.4原材料(その他)'!C:C,A:A,'1.4原材料(その他)'!H:H,M$3) -> 0.07 | N67: =O67-(E67+F67-SUM(G67:M67)) -> 4.5474735e-13 | O67: =SUMIF('1.5原材料在庫'!A:A,原材料SC明細!A67,'1.5原材料在庫'!D:D) -> 14
D68: 金額(円) | E68: 9305.766 | F68: =F67*$C67 -> 1418310 | G68: =G67*$C67 -> 1420375.5 | H68: =H67*$C67 -> 918 | I68: =I67*$C67 -> 0 | J68: =J67*$C67 -> 0 | K68: =K67*$C67 -> 0 | L68: =L67*$C67 -> 0 | M68: =M67*$C67 -> 32.13 | N68: =IFERROR(N67/SUM($E67:$F67)*SUM($E68:$F68),"") -> 2.0870917e-10 | O68: =O67*$C67 -> 6426
A69: 33 | B69: きび | C69: =IFERROR(VLOOKUP(A69,'原料標準単価（貼付）'!B:E,3,FALSE),0) -> 2040 | D69: 数量(㎏) | E69: 5.057 | F69: =IFERROR(VLOOKUP(A69,'1.2①原材料受入'!A:E,3,FALSE),0) -> 20 | G69: =SUMIF('1.3②原材料使用'!C:E,A69,'1.3②原材料使用'!E:E) -> 21 | H69: =SUMIFS('1.4原材料(その他)'!E:E,'1.4原材料(その他)'!C:C,A:A,'1.4原材料(その他)'!H:H,H$3) -> 2 | I69: =SUMIFS('1.4原材料(その他)'!E:E,'1.4原材料(その他)'!C:C,A:A,'1.4原材料(その他)'!H:H,I$3) -> 0 | J69: =SUMIFS('1.4原材料(その他)'!E:E,'1.4原材料(その他)'!C:C,A:A,'1.4原材料(その他)'!H:H,J$3) -> 0 | K69: =SUMIFS('1.4原材料(その他)'!E:E,'1.4原材料(その他)'!C:C,A:A,'1.4原材料(その他)'!H:H,K$3) -> 0 | L69: =SUMIFS('1.4原材料(その他)'!E:E,'1.4原材料(その他)'!C:C,A:A,'1.4原材料(その他)'!H:H,L$3) -> 0 | M69: =SUMIFS('1.4原材料(その他)'!E:E,'1.4原材料(その他)'!C:C,A:A,'1.4原材料(その他)'!H:H,M$3) -> -0.24 | N69: =O69-(E69+F69-SUM(G69:M69)) -> 0 | O69: =SUMIF('1.5原材料在庫'!A:A,原材料SC明細!A69,'1.5原材料在庫'!D:D) -> 2.297
D70: 金額(円) | E70: 9993.1734 | F70: =F69*$C69 -> 40800 | G70: =G69*$C69 -> 42840 | H70: =H69*$C69 -> 4080 | I70: =I69*$C69 -> 0 | J70: =J69*$C69 -> 0 | K70: =K69*$C69 -> 0 | L70: =L69*$C69 -> 0 | M70: =M69*$C69 -> -489.6 | N70: =IFERROR(N69/SUM($E69:$F69)*SUM($E70:$F70),"") -> 0 | O70: =O69*$C69 -> 4685.88
A71: 34 | B71: とうもろこし | C71: =IFERROR(VLOOKUP(A71,'原料標準単価（貼付）'!B:E,3,FALSE),0) -> 0 | D71: 数量(㎏) | E71: -7.1054274e-15 | F71: =IFERROR(VLOOKUP(A71,'1.2①原材料受入'!A:E,3,FALSE),0) -> 42.8 | G71: =SUMIF('1.3②原材料使用'!C:E,A71,'1.3②原材料使用'!E:E) -> 21 | H71: =SUMIFS('1.4原材料(その他)'!E:E,'1.4原材料(その他)'!C:C,A:A,'1.4原材料(その他)'!H:H,H$3) -> 2.6 | I71: =SUMIFS('1.4原材料(その他)'!E:E,'1.4原材料(その他)'!C:C,A:A,'1.4原材料(その他)'!H:H,I$3) -> 0 | J71: =SUMIFS('1.4原材料(その他)'!E:E,'1.4原材料(その他)'!C:C,A:A,'1.4原材料(その他)'!H:H,J$3) -> 0 | K71: =SUMIFS('1.4原材料(その他)'!E:E,'1.4原材料(その他)'!C:C,A:A,'1.4原材料(その他)'!H:H,K$3) -> 2.2 | L71: =SUMIFS('1.4原材料(その他)'!E:E,'1.4原材料(その他)'!C:C,A:A,'1.4原材料(その他)'!H:H,L$3) -> 17.12 | M71: =SUMIFS('1.4原材料(その他)'!E:E,'1.4原材料(その他)'!C:C,A:A,'1.4原材料(その他)'!H:H,M$3) -> -0.12 | N71: =O71-(E71+F71-SUM(G71:M71)) -> 7.1054274e-15 | O71: =SUMIF('1.5原材料在庫'!A:A,原材料SC明細!A71,'1.5原材料在庫'!D:D) -> -7.1054274e-15
D72: 金額(円) | E72: 0 | F72: =F71*$C71 -> 0 | G72: =G71*$C71 -> 0 | H72: =H71*$C71 -> 0 | I72: =I71*$C71 -> 0 | J72: =J71*$C71 -> 0 | K72: =K71*$C71 -> 0 | L72: =L71*$C71 -> 0 | M72: =M71*$C71 -> 0 | N72: =IFERROR(N71/SUM($E71:$F71)*SUM($E72:$F72),"") -> 0 | O72: =O71*$C71 -> 0
A73: 35 | B73: 大麦 | C73: =IFERROR(VLOOKUP(A73,'原料標準単価（貼付）'!B:E,3,FALSE),0) -> 290 | D73: 数量(㎏) | E73: 7.157 | F73: =IFERROR(VLOOKUP(A73,'1.2①原材料受入'!A:E,3,FALSE),0) -> 40 | G73: =SUMIF('1.3②原材料使用'!C:E,A73,'1.3②原材料使用'!E:E) -> 21 | H73: =SUMIFS('1.4原材料(その他)'!E:E,'1.4原材料(その他)'!C:C,A:A,'1.4原材料(その他)'!H:H,H$3) -> 2 | I73: =SUMIFS('1.4原材料(その他)'!E:E,'1.4原材料(その他)'!C:C,A:A,'1.4原材料(その他)'!H:H,I$3) -> 0 | J73: =SUMIFS('1.4原材料(その他)'!E:E,'1.4原材料(その他)'!C:C,A:A,'1.4原材料(その他)'!H:H,J$3) -> 0 | K73: =SUMIFS('1.4原材料(その他)'!E:E,'1.4原材料(その他)'!C:C,A:A,'1.4原材料(その他)'!H:H,K$3) -> 0 | L73: =SUMIFS('1.4原材料(その他)'!E:E,'1.4原材料(その他)'!C:C,A:A,'1.4原材料(その他)'!H:H,L$3) -> 7.4 | M73: =SUMIFS('1.4原材料(その他)'!E:E,'1.4原材料(その他)'!C:C,A:A,'1.4原材料(その他)'!H:H,M$3) -> -0.84 | N73: =O73-(E73+F73-SUM(G73:M73)) -> 0 | O73: =SUMIF('1.5原材料在庫'!A:A,原材料SC明細!A73,'1.5原材料在庫'!D:D) -> 17.597
D74: 金額(円) | E74: 2531.513 | F74: =F73*$C73 -> 11600 | G74: =G73*$C73 -> 6090 | H74: =H73*$C73 -> 580 | I74: =I73*$C73 -> 0 | J74: =J73*$C73 -> 0 | K74: =K73*$C73 -> 0 | L74: =L73*$C73 -> 2146 | M74: =M73*$C73 -> -243.6 | N74: =IFERROR(N73/SUM($E73:$F73)*SUM($E74:$F74),"") -> 0 | O74: =O73*$C73 -> 5103.13
A75: 36 | B75: あわ | C75: =IFERROR(VLOOKUP(A75,'原料標準単価（貼付）'!B:E,3,FALSE),0) -> 2160 | D75: 数量(㎏) | E75: 8.957 | F75: =IFERROR(VLOOKUP(A75,'1.2①原材料受入'!A:E,3,FALSE),0) -> 20 | G75: =SUMIF('1.3②原材料使用'!C:E,A75,'1.3②原材料使用'!E:E) -> 21 | H75: =SUMIFS('1.4原材料(その他)'!E:E,'1.4原材料(その他)'!C:C,A:A,'1.4原材料(その他)'!H:H,H$3) -> 2 | I75: =SUMIFS('1.4原材料(その他)'!E:E,'1.4原材料(その他)'!C:C,A:A,'1.4原材料(その他)'!H:H,I$3) -> 0 | J75: =SUMIFS('1.4原材料(その他)'!E:E,'1.4原材料(その他)'!C:C,A:A,'1.4原材料(その他)'!H:H,J$3) -> 0 | K75: =SUMIFS('1.4原材料(その他)'!E:E,'1.4原材料(その他)'!C:C,A:A,'1.4原材料(その他)'!H:H,K$3) -> 0 | L75: =SUMIFS('1.4原材料(その他)'!E:E,'1.4原材料(その他)'!C:C,A:A,'1.4原材料(その他)'!H:H,L$3) -> 0 | M75: =SUMIFS('1.4原材料(その他)'!E:E,'1.4原材料(その他)'!C:C,A:A,'1.4原材料(その他)'!H:H,M$3) -> -0.04 | N75: =O75-(E75+F75-SUM(G75:M75)) -> 0 | O75: =SUMIF('1.5原材料在庫'!A:A,原材料SC明細!A75,'1.5原材料在庫'!D:D) -> 5.997
D76: 金額(円) | E76: 19340.962 | F76: =F75*$C75 -> 43200 | G76: =G75*$C75 -> 45360 | H76: =H75*$C75 -> 4320 | I76: =I75*$C75 -> 0 | J76: =J75*$C75 -> 0 | K76: =K75*$C75 -> 0 | L76: =L75*$C75 -> 0 | M76: =M75*$C75 -> -86.4 | N76: =IFERROR(N75/SUM($E75:$F75)*SUM($E76:$F76),"") -> 0 | O76: =O75*$C75 -> 12953.52
A77: 37 | B77: 大豆 | C77: =IFERROR(VLOOKUP(A77,'原料標準単価（貼付）'!B:E,3,FALSE),0) -> 250 | D77: 数量(㎏) | E77: 22.4 | F77: =IFERROR(VLOOKUP(A77,'1.2①原材料受入'!A:E,3,FALSE),0) -> 630 | G77: =SUMIF('1.3②原材料使用'!C:E,A77,'1.3②原材料使用'!E:E) -> 629.47 | H77: =SUMIFS('1.4原材料(その他)'!E:E,'1.4原材料(その他)'!C:C,A:A,'1.4原材料(その他)'!H:H,H$3) -> 2 | I77: =SUMIFS('1.4原材料(その他)'!E:E,'1.4原材料(その他)'!C:C,A:A,'1.4原材料(その他)'!H:H,I$3) -> 0 | J77: =SUMIFS('1.4原材料(その他)'!E:E,'1.4原材料(その他)'!C:C,A:A,'1.4原材料(その他)'!H:H,J$3) -> 0 | K77: =SUMIFS('1.4原材料(その他)'!E:E,'1.4原材料(その他)'!C:C,A:A,'1.4原材料(その他)'!H:H,K$3) -> 0 | L77: =SUMIFS('1.4原材料(その他)'!E:E,'1.4原材料(その他)'!C:C,A:A,'1.4原材料(その他)'!H:H,L$3) -> 0 | M77: =SUMIFS('1.4原材料(その他)'!E:E,'1.4原材料(その他)'!C:C,A:A,'1.4原材料(その他)'!H:H,M$3) -> 0.33 | N77: =O77-(E77+F77-SUM(G77:M77)) -> 0 | O77: =SUMIF('1.5原材料在庫'!A:A,原材料SC明細!A77,'1.5原材料在庫'!D:D) -> 20.6
D78: 金額(円) | E78: 5600.0712 | F78: =F77*$C77 -> 157500 | G78: =G77*$C77 -> 157367.5 | H78: =H77*$C77 -> 500 | I78: =I77*$C77 -> 0 | J78: =J77*$C77 -> 0 | K78: =K77*$C77 -> 0 | L78: =L77*$C77 -> 0 | M78: =M77*$C77 -> 82.5 | N78: =IFERROR(N77/SUM($E77:$F77)*SUM($E78:$F78),"") -> 0 | O78: =O77*$C77 -> 5150
A79: 38 | B79: 黒豆 | C79: =IFERROR(VLOOKUP(A79,'原料標準単価（貼付）'!B:E,3,FALSE),0) -> 400 | D79: 数量(㎏) | E79: 10.9 | F79: =IFERROR(VLOOKUP(A79,'1.2①原材料受入'!A:E,3,FALSE),0) -> 960 | G79: =SUMIF('1.3②原材料使用'!C:E,A79,'1.3②原材料使用'!E:E) -> 944.22 | H79: =SUMIFS('1.4原材料(その他)'!E:E,'1.4原材料(その他)'!C:C,A:A,'1.4原材料(その他)'!H:H,H$3) -> 2 | I79: =SUMIFS('1.4原材料(その他)'!E:E,'1.4原材料(その他)'!C:C,A:A,'1.4原材料(その他)'!H:H,I$3) -> 0 | J79: =SUMIFS('1.4原材料(その他)'!E:E,'1.4原材料(その他)'!C:C,A:A,'1.4原材料(その他)'!H:H,J$3) -> 0 | K79: =SUMIFS('1.4原材料(その他)'!E:E,'1.4原材料(その他)'!C:C,A:A,'1.4原材料(その他)'!H:H,K$3) -> 0 | L79: =SUMIFS('1.4原材料(その他)'!E:E,'1.4原材料(その他)'!C:C,A:A,'1.4原材料(その他)'!H:H,L$3) -> 0 | M79: =SUMIFS('1.4原材料(その他)'!E:E,'1.4原材料(その他)'!C:C,A:A,'1.4原材料(その他)'!H:H,M$3) -> 3.08 | N79: =O79-(E79+F79-SUM(G79:M79)) -> 1.1368684e-13 | O79: =SUMIF('1.5原材料在庫'!A:A,原材料SC明細!A79,'1.5原材料在庫'!D:D) -> 21.6
D80: 金額(円) | E80: 3633.3927 | F80: =F79*$C79 -> 384000 | G80: =G79*$C79 -> 377688 | H80: =H79*$C79 -> 800 | I80: =I79*$C79 -> 0 | J80: =J79*$C79 -> 0 | K80: =K79*$C79 -> 0 | L80: =L79*$C79 -> 0 | M80: =M79*$C79 -> 1232 | N80: =IFERROR(N79/SUM($E79:$F79)*SUM($E80:$F80),"") -> 4.5389654e-11 | O80: =O79*$C79 -> 8640
A81: 39 | B81: 黒ｺﾞﾏ | C81: =IFERROR(VLOOKUP(A81,'原料標準単価（貼付）'!B:E,3,FALSE),0) -> 1034.6667 | D81: 数量(㎏) | E81: -2.2915003e-13 | F81: =IFERROR(VLOOKUP(A81,'1.2①原材料受入'!A:E,3,FALSE),0) -> 1575 | G81: =SUMIF('1.3②原材料使用'!C:E,A81,'1.3②原材料使用'!E:E) -> 1562 | H81: =SUMIFS('1.4原材料(その他)'!E:E,'1.4原材料(その他)'!C:C,A:A,'1.4原材料(その他)'!H:H,H$3) -> 5 | I81: =SUMIFS('1.4原材料(その他)'!E:E,'1.4原材料(その他)'!C:C,A:A,'1.4原材料(その他)'!H:H,I$3) -> 0 | J81: =SUMIFS('1.4原材料(その他)'!E:E,'1.4原材料(その他)'!C:C,A:A,'1.4原材料(その他)'!H:H,J$3) -> 0 | K81: =SUMIFS('1.4原材料(その他)'!E:E,'1.4原材料(その他)'!C:C,A:A,'1.4原材料(その他)'!H:H,K$3) -> 0 | L81: =SUMIFS('1.4原材料(その他)'!E:E,'1.4原材料(その他)'!C:C,A:A,'1.4原材料(その他)'!H:H,L$3) -> 8.1 | M81: =SUMIFS('1.4原材料(その他)'!E:E,'1.4原材料(その他)'!C:C,A:A,'1.4原材料(その他)'!H:H,M$3) -> -0.1 | N81: =O81-(E81+F81-SUM(G81:M81)) -> -1.7763568e-15 | O81: =SUMIF('1.5原材料在庫'!A:A,原材料SC明細!A81,'1.5原材料在庫'!D:D) -> -2.2915003e-13
D82: 金額(円) | E82: -2.3985883e-10 | F82: =F81*$C81 -> 1629600 | G82: =G81*$C81 -> 1616149.3 | H82: =H81*$C81 -> 5173.3333 | I82: =I81*$C81 -> 0 | J82: =J81*$C81 -> 0 | K82: =K81*$C81 -> 0 | L82: =L81*$C81 -> 8380.8 | M82: =M81*$C81 -> -103.46667 | N82: =IFERROR(N81/SUM($E81:$F81)*SUM($E82:$F82),"") -> -1.8379372e-12 | O82: =O81*$C81 -> -2.370939e-10
A83: 40 | B83: 白ｺﾞﾏ | C83: =IFERROR(VLOOKUP(A83,'原料標準単価（貼付）'!B:E,3,FALSE),0) -> 987.52381 | D83: 数量(㎏) | E83: -2.2915003e-13 | F83: =IFERROR(VLOOKUP(A83,'1.2①原材料受入'!A:E,3,FALSE),0) -> 1575 | G83: =SUMIF('1.3②原材料使用'!C:E,A83,'1.3②原材料使用'!E:E) -> 1562 | H83: =SUMIFS('1.4原材料(その他)'!E:E,'1.4原材料(その他)'!C:C,A:A,'1.4原材料(その他)'!H:H,H$3) -> 5 | I83: =SUMIFS('1.4原材料(その他)'!E:E,'1.4原材料(その他)'!C:C,A:A,'1.4原材料(その他)'!H:H,I$3) -> 0 | J83: =SUMIFS('1.4原材料(その他)'!E:E,'1.4原材料(その他)'!C:C,A:A,'1.4原材料(その他)'!H:H,J$3) -> 0 | K83: =SUMIFS('1.4原材料(その他)'!E:E,'1.4原材料(その他)'!C:C,A:A,'1.4原材料(その他)'!H:H,K$3) -> 0 | L83: =SUMIFS('1.4原材料(その他)'!E:E,'1.4原材料(その他)'!C:C,A:A,'1.4原材料(その他)'!H:H,L$3) -> 8.1 | M83: =SUMIFS('1.4原材料(その他)'!E:E,'1.4原材料(その他)'!C:C,A:A,'1.4原材料(その他)'!H:H,M$3) -> -0.1 | N83: =O83-(E83+F83-SUM(G83:M83)) -> -1.7763568e-15 | O83: =SUMIF('1.5原材料在庫'!A:A,原材料SC明細!A83,'1.5原材料在庫'!D:D) -> -2.2915003e-13
D84: 金額(円) | E84: -2.2907878e-10 | F84: =F83*$C83 -> 1555350 | G84: =G83*$C83 -> 1542512.2 | H84: =H83*$C83 -> 4937.619 | I84: =I83*$C83 -> 0 | J84: =J83*$C83 -> 0 | K84: =K83*$C83 -> 0 | L84: =L83*$C83 -> 7998.9429 | M84: =M83*$C83 -> -98.752381 | N84: =IFERROR(N83/SUM($E83:$F83)*SUM($E84:$F84),"") -> -1.7541947e-12 | O84: =O83*$C83 -> -2.2629111e-10
A85: 41 | B85: ｺﾝﾌﾞ | C85: =IFERROR(VLOOKUP(A85,'原料標準単価（貼付）'!B:E,3,FALSE),0) -> 3700 | D85: 数量(㎏) | E85: -0.004 | F85: =IFERROR(VLOOKUP(A85,'1.2①原材料受入'!A:E,3,FALSE),0) -> 20 | G85: =SUMIF('1.3②原材料使用'!C:E,A85,'1.3②原材料使用'!E:E) -> 10.502 | H85: =SUMIFS('1.4原材料(その他)'!E:E,'1.4原材料(その他)'!C:C,A:A,'1.4原材料(その他)'!H:H,H$3) -> 2 | I85: =SUMIFS('1.4原材料(その他)'!E:E,'1.4原材料(その他)'!C:C,A:A,'1.4原材料(その他)'!H:H,I$3) -> 0 | J85: =SUMIFS('1.4原材料(その他)'!E:E,'1.4原材料(その他)'!C:C,A:A,'1.4原材料(その他)'!H:H,J$3) -> 0 | K85: =SUMIFS('1.4原材料(その他)'!E:E,'1.4原材料(その他)'!C:C,A:A,'1.4原材料(その他)'!H:H,K$3) -> 0 | L85: =SUMIFS('1.4原材料(その他)'!E:E,'1.4原材料(その他)'!C:C,A:A,'1.4原材料(その他)'!H:H,L$3) -> 7.5 | M85: =SUMIFS('1.4原材料(その他)'!E:E,'1.4原材料(その他)'!C:C,A:A,'1.4原材料(その他)'!H:H,M$3) -> 0 | N85: =O85-(E85+F85-SUM(G85:M85)) -> 3.5527137e-15 | O85: =SUMIF('1.5原材料在庫'!A:A,原材料SC明細!A85,'1.5原材料在庫'!D:D) -> -0.006
D86: 金額(円) | E86: -14.184903 | F86: =F85*$C85 -> 74000 | G86: =G85*$C85 -> 38857.4 | H86: =H85*$C85 -> 7400 | I86: =I85*$C85 -> 0 | J86: =J85*$C85 -> 0 | K86: =K85*$C85 -> 0 | L86: =L85*$C85 -> 27750 | M86: =M85*$C85 -> 0 | N86: =IFERROR(N85/SUM($E85:$F85)*SUM($E86:$F86),"") -> 1.314515e-11 | O86: =O85*$C85 -> -22.2
A87: 42 | B87: ﾜｶﾒ | C87: =IFERROR(VLOOKUP(A87,'原料標準単価（貼付）'!B:E,3,FALSE),0) -> 4200 | D87: 数量(㎏) | E87: 0.304 | F87: =IFERROR(VLOOKUP(A87,'1.2①原材料受入'!A:E,3,FALSE),0) -> 110 | G87: =SUMIF('1.3②原材料使用'!C:E,A87,'1.3②原材料使用'!E:E) -> 105.002 | H87: =SUMIFS('1.4原材料(その他)'!E:E,'1.4原材料(その他)'!C:C,A:A,'1.4原材料(その他)'!H:H,H$3) -> 2 | I87: =SUMIFS('1.4原材料(その他)'!E:E,'1.4原材料(その他)'!C:C,A:A,'1.4原材料(その他)'!H:H,I$3) -> 0 | J87: =SUMIFS('1.4原材料(その他)'!E:E,'1.4原材料(その他)'!C:C,A:A,'1.4原材料(その他)'!H:H,J$3) -> 0 | K87: =SUMIFS('1.4原材料(その他)'!E:E,'1.4原材料(その他)'!C:C,A:A,'1.4原材料(その他)'!H:H,K$3) -> 0 | L87: =SUMIFS('1.4原材料(その他)'!E:E,'1.4原材料(その他)'!C:C,A:A,'1.4原材料(その他)'!H:H,L$3) -> 0 | M87: =SUMIFS('1.4原材料(その他)'!E:E,'1.4原材料(その他)'!C:C,A:A,'1.4原材料(その他)'!H:H,M$3) -> -0.602 | N87: =O87-(E87+F87-SUM(G87:M87)) -> -1.4210855e-14 | O87: =SUMIF('1.5原材料在庫'!A:A,原材料SC明細!A87,'1.5原材料在庫'!D:D) -> 3.904
D88: 金額(円) | E88: 1275.648 | F88: =F87*$C87 -> 462000 | G88: =G87*$C87 -> 441008.4 | H88: =H87*$C87 -> 8400 | I88: =I87*$C87 -> 0 | J88: =J87*$C87 -> 0 | K88: =K87*$C87 -> 0 | L88: =L87*$C87 -> 0 | M88: =M87*$C87 -> -2528.4 | N88: =IFERROR(N87/SUM($E87:$F87)*SUM($E88:$F88),"") -> -5.9685441e-11 | O88: =O87*$C87 -> 16396.8
A89: 43 | B89: ﾋｼﾞｷ | C89: =IFERROR(VLOOKUP(A89,'原料標準単価（貼付）'!B:E,3,FALSE),0) -> 4129.6209 | D89: 数量(㎏) | E89: 3.062 | F89: =IFERROR(VLOOKUP(A89,'1.2①原材料受入'!A:E,3,FALSE),0) -> 1266 | G89: =SUMIF('1.3②原材料使用'!C:E,A89,'1.3②原材料使用'!E:E) -> 1260.01 | H89: =SUMIFS('1.4原材料(その他)'!E:E,'1.4原材料(その他)'!C:C,A:A,'1.4原材料(その他)'!H:H,H$3) -> 4 | I89: =SUMIFS('1.4原材料(その他)'!E:E,'1.4原材料(その他)'!C:C,A:A,'1.4原材料(その他)'!H:H,I$3) -> 0 | J89: =SUMIFS('1.4原材料(その他)'!E:E,'1.4原材料(その他)'!C:C,A:A,'1.4原材料(その他)'!H:H,J$3) -> 0 | K89: =SUMIFS('1.4原材料(その他)'!E:E,'1.4原材料(その他)'!C:C,A:A,'1.4原材料(その他)'!H:H,K$3) -> 0 | L89: =SUMIFS('1.4原材料(その他)'!E:E,'1.4原材料(その他)'!C:C,A:A,'1.4原材料(その他)'!H:H,L$3) -> 0 | M89: =SUMIFS('1.4原材料(その他)'!E:E,'1.4原材料(その他)'!C:C,A:A,'1.4原材料(その他)'!H:H,M$3) -> -0.44 | N89: =O89-(E89+F89-SUM(G89:M89)) -> -5.6843419e-14 | O89: =SUMIF('1.5原材料在庫'!A:A,原材料SC明細!A89,'1.5原材料在庫'!D:D) -> 5.492
D90: 金額(円) | E90: 12492.265 | F90: =F89*$C89 -> 5228100 | G90: =G89*$C89 -> 5203363.6 | H90: =H89*$C89 -> 16518.483 | I90: =I89*$C89 -> 0 | J90: =J89*$C89 -> 0 | K90: =K89*$C89 -> 0 | L90: =L89*$C89 -> 0 | M90: =M89*$C89 -> -1817.0332 | N90: =IFERROR(N89/SUM($E89:$F89)*SUM($E90:$F90),"") -> -2.3473493e-10 | O90: =O89*$C89 -> 22679.878
A91: 44 | B91: ﾉﾘ | C91: =IFERROR(VLOOKUP(A91,'原料標準単価（貼付）'!B:E,3,FALSE),0) -> 8445 | D91: 数量(㎏) | E91: 1.266 | F91: =IFERROR(VLOOKUP(A91,'1.2①原材料受入'!A:E,3,FALSE),0) -> 23 | G91: =SUMIF('1.3②原材料使用'!C:E,A91,'1.3②原材料使用'!E:E) -> 21.004 | H91: =SUMIFS('1.4原材料(その他)'!E:E,'1.4原材料(その他)'!C:C,A:A,'1.4原材料(その他)'!H:H,H$3) -> 0.5 | I91: =SUMIFS('1.4原材料(その他)'!E:E,'1.4原材料(その他)'!C:C,A:A,'1.4原材料(その他)'!H:H,I$3) -> 0 | J91: =SUMIFS('1.4原材料(その他)'!E:E,'1.4原材料(その他)'!C:C,A:A,'1.4原材料(その他)'!H:H,J$3) -> 0 | K91: =SUMIFS('1.4原材料(その他)'!E:E,'1.4原材料(その他)'!C:C,A:A,'1.4原材料(その他)'!H:H,K$3) -> 0 | L91: =SUMIFS('1.4原材料(その他)'!E:E,'1.4原材料(その他)'!C:C,A:A,'1.4原材料(その他)'!H:H,L$3) -> 2.6 | M91: =SUMIFS('1.4原材料(その他)'!E:E,'1.4原材料(その他)'!C:C,A:A,'1.4原材料(その他)'!H:H,M$3) -> 0.156 | N91: =O91-(E91+F91-SUM(G91:M91)) -> 7.1054274e-15 | O91: =SUMIF('1.5原材料在庫'!A:A,原材料SC明細!A91,'1.5原材料在庫'!D:D) -> 0.006
D92: 金額(円) | E92: 6324.9094 | F92: =F91*$C91 -> 194235 | G92: =G91*$C91 -> 177378.78 | H92: =H91*$C91 -> 4222.5 | I92: =I91*$C91 -> 0 | J92: =J91*$C91 -> 0 | K92: =K91*$C91 -> 0 | L92: =L91*$C91 -> 21957 | M92: =M91*$C91 -> 1317.42 | N92: =IFERROR(N91/SUM($E91:$F91)*SUM($E92:$F92),"") -> 5.8726773e-11 | O92: =O91*$C91 -> 50.67
A93: 45 | B93: (川)ﾉﾘ(ｱｵﾉﾘ) | C93: =IFERROR(VLOOKUP(A93,'原料標準単価（貼付）'!B:E,3,FALSE),0) -> 21300 | D93: 数量(㎏) | E93: -0.009 | F93: =IFERROR(VLOOKUP(A93,'1.2①原材料受入'!A:E,3,FALSE),0) -> 13 | G93: =SUMIF('1.3②原材料使用'!C:E,A93,'1.3②原材料使用'!E:E) -> 10.502 | H93: =SUMIFS('1.4原材料(その他)'!E:E,'1.4原材料(その他)'!C:C,A:A,'1.4原材料(その他)'!H:H,H$3) -> 1.2 | I93: =SUMIFS('1.4原材料(その他)'!E:E,'1.4原材料(その他)'!C:C,A:A,'1.4原材料(その他)'!H:H,I$3) -> 0 | J93: =SUMIFS('1.4原材料(その他)'!E:E,'1.4原材料(その他)'!C:C,A:A,'1.4原材料(その他)'!H:H,J$3) -> 0 | K93: =SUMIFS('1.4原材料(その他)'!E:E,'1.4原材料(その他)'!C:C,A:A,'1.4原材料(その他)'!H:H,K$3) -> 0 | L93: =SUMIFS('1.4原材料(その他)'!E:E,'1.4原材料(その他)'!C:C,A:A,'1.4原材料(その他)'!H:H,L$3) -> 1.4 | M93: =SUMIFS('1.4原材料(その他)'!E:E,'1.4原材料(その他)'!C:C,A:A,'1.4原材料(その他)'!H:H,M$3) -> -0.102 | N93: =O93-(E93+F93-SUM(G93:M93)) -> 1.7763568e-15 | O93: =SUMIF('1.5原材料在庫'!A:A,原材料SC明細!A93,'1.5原材料在庫'!D:D) -> -0.009
D94: 金額(円) | E94: -199.35 | F94: =F93*$C93 -> 276900 | G94: =G93*$C93 -> 223692.6 | H94: =H93*$C93 -> 25560 | I94: =I93*$C93 -> 0 | J94: =J93*$C93 -> 0 | K94: =K93*$C93 -> 0 | L94: =L93*$C93 -> 29820 | M94: =M93*$C93 -> -2172.6 | N94: =IFERROR(N93/SUM($E93:$F93)*SUM($E94:$F94),"") -> 3.7835355e-11 | O94: =O93*$C93 -> -191.7
A95: 46 | B95: ｷｭｳﾘ | C95: =IFERROR(VLOOKUP(A95,'原料標準単価（貼付）'!B:E,3,FALSE),0) -> 494.61207 | D95: 数量(㎏) | E95: 2.1316282e-14 | F95: =IFERROR(VLOOKUP(A95,'1.2①原材料受入'!A:E,3,FALSE),0) -> 46.4 | G95: =SUMIF('1.3②原材料使用'!C:E,A95,'1.3②原材料使用'!E:E) -> 31.24 | H95: =SUMIFS('1.4原材料(その他)'!E:E,'1.4原材料(その他)'!C:C,A:A,'1.4原材料(その他)'!H:H,H$3) -> 2.1 | I95: =SUMIFS('1.4原材料(その他)'!E:E,'1.4原材料(その他)'!C:C,A:A,'1.4原材料(その他)'!H:H,I$3) -> 0 | J95: =SUMIFS('1.4原材料(その他)'!E:E,'1.4原材料(その他)'!C:C,A:A,'1.4原材料(その他)'!H:H,J$3) -> 0 | K95: =SUMIFS('1.4原材料(その他)'!E:E,'1.4原材料(その他)'!C:C,A:A,'1.4原材料(その他)'!H:H,K$3) -> 2.66 | L95: =SUMIFS('1.4原材料(その他)'!E:E,'1.4原材料(その他)'!C:C,A:A,'1.4原材料(その他)'!H:H,L$3) -> 10.4 | M95: =SUMIFS('1.4原材料(その他)'!E:E,'1.4原材料(その他)'!C:C,A:A,'1.4原材料(その他)'!H:H,M$3) -> 0 | N95: =O95-(E95+F95-SUM(G95:M95)) -> 0 | O95: =SUMIF('1.5原材料在庫'!A:A,原材料SC明細!A95,'1.5原材料在庫'!D:D) -> 2.1316282e-14
D96: 金額(円) | E96: 7.8774139e-12 | F96: =F95*$C95 -> 22950 | G96: =G95*$C95 -> 15451.681 | H96: =H95*$C95 -> 1038.6853 | I96: =I95*$C95 -> 0 | J96: =J95*$C95 -> 0 | K96: =K95*$C95 -> 1315.6681 | L96: =L95*$C95 -> 5143.9655 | M96: =M95*$C95 -> 0 | N96: =IFERROR(N95/SUM($E95:$F95)*SUM($E96:$F96),"") -> 0 | O96: =O95*$C95 -> 1.054329e-11
A97: 47 | B97: ｼｿ | C97: =IFERROR(VLOOKUP(A97,'原料標準単価（貼付）'!B:E,3,FALSE),0) -> 1666.6667 | D97: 数量(㎏) | E97: -0.002 | F97: =IFERROR(VLOOKUP(A97,'1.2①原材料受入'!A:E,3,FALSE),0) -> 10.5 | G97: =SUMIF('1.3②原材料使用'!C:E,A97,'1.3②原材料使用'!E:E) -> 3.124 | H97: =SUMIFS('1.4原材料(その他)'!E:E,'1.4原材料(その他)'!C:C,A:A,'1.4原材料(その他)'!H:H,H$3) -> 0.6 | I97: =SUMIFS('1.4原材料(その他)'!E:E,'1.4原材料(その他)'!C:C,A:A,'1.4原材料(その他)'!H:H,I$3) -> 0 | J97: =SUMIFS('1.4原材料(その他)'!E:E,'1.4原材料(その他)'!C:C,A:A,'1.4原材料(その他)'!H:H,J$3) -> 0 | K97: =SUMIFS('1.4原材料(その他)'!E:E,'1.4原材料(その他)'!C:C,A:A,'1.4原材料(その他)'!H:H,K$3) -> 1.676 | L97: =SUMIFS('1.4原材料(その他)'!E:E,'1.4原材料(その他)'!C:C,A:A,'1.4原材料(その他)'!H:H,L$3) -> 5.1 | M97: =SUMIFS('1.4原材料(その他)'!E:E,'1.4原材料(その他)'!C:C,A:A,'1.4原材料(その他)'!H:H,M$3) -> 0 | N97: =O97-(E97+F97-SUM(G97:M97)) -> 1.831868e-15 | O97: =SUMIF('1.5原材料在庫'!A:A,原材料SC明細!A97,'1.5原材料在庫'!D:D) -> -0.002
D98: 金額(円) | E98: -1.1782926e-32 | F98: =F97*$C97 -> 17500 | G98: =G97*$C97 -> 5206.6667 | H98: =H97*$C97 -> 1000 | I98: =I97*$C97 -> 0 | J98: =J97*$C97 -> 0 | K98: =K97*$C97 -> 2793.3333 | L98: =L97*$C97 -> 8500 | M98: =M97*$C97 -> 0 | N98: =IFERROR(N97/SUM($E97:$F97)*SUM($E98:$F98),"") -> 3.053695e-12 | O98: =O97*$C97 -> -3.3333333
A99: 48 | B99: ｾﾛﾘ | C99: =IFERROR(VLOOKUP(A99,'原料標準単価（貼付）'!B:E,3,FALSE),0) -> 786.43725 | D99: 数量(㎏) | E99: 6.2172489e-15 | F99: =IFERROR(VLOOKUP(A99,'1.2①原材料受入'!A:E,3,FALSE),0) -> 49.4 | G99: =SUMIF('1.3②原材料使用'!C:E,A99,'1.3②原材料使用'!E:E) -> 31.24 | H99: =SUMIFS('1.4原材料(その他)'!E:E,'1.4原材料(その他)'!C:C,A:A,'1.4原材料(その他)'!H:H,H$3) -> 2.3 | I99: =SUMIFS('1.4原材料(その他)'!E:E,'1.4原材料(その他)'!C:C,A:A,'1.4原材料(その他)'!H:H,I$3) -> 0 | J99: =SUMIFS('1.4原材料(その他)'!E:E,'1.4原材料(その他)'!C:C,A:A,'1.4原材料(その他)'!H:H,J$3) -> 0 | K99: =SUMIFS('1.4原材料(その他)'!E:E,'1.4原材料(その他)'!C:C,A:A,'1.4原材料(その他)'!H:H,K$3) -> 5.66 | L99: =SUMIFS('1.4原材料(その他)'!E:E,'1.4原材料(その他)'!C:C,A:A,'1.4原材料(その他)'!H:H,L$3) -> 10.2 | M99: =SUMIFS('1.4原材料(その他)'!E:E,'1.4原材料(その他)'!C:C,A:A,'1.4原材料(その他)'!H:H,M$3) -> 0 | N99: =O99-(E99+F99-SUM(G99:M99)) -> 5.9952043e-15 | O99: =SUMIF('1.5原材料在庫'!A:A,原材料SC明細!A99,'1.5原材料在庫'!D:D) -> 5.9952043e-15
D100: 金額(円) | E100: 4.2390334e-12 | F100: =F99*$C99 -> 38850 | G100: =G99*$C99 -> 24568.3 | H100: =H99*$C99 -> 1808.8057 | I100: =I99*$C99 -> 0 | J100: =J99*$C99 -> 0 | K100: =K99*$C99 -> 4451.2348 | L100: =L99*$C99 -> 8021.6599 | M100: =M99*$C99 -> 0 | N100: =IFERROR(N99/SUM($E99:$F99)*SUM($E100:$F100),"") -> 4.714852e-12 | O100: =O99*$C99 -> 4.714852e-12
A101: 49 | B101: ﾋﾞﾜ | C101: =IFERROR(VLOOKUP(A101,'原料標準単価（貼付）'!B:E,3,FALSE),0) -> 0 | D101: 数量(㎏) | E101: 0 | F101: =IFERROR(VLOOKUP(A101,'1.2①原材料受入'!A:E,3,FALSE),0) -> 0 | G101: =SUMIF('1.3②原材料使用'!C:E,A101,'1.3②原材料使用'!E:E) -> 0 | H101: =SUMIFS('1.4原材料(その他)'!E:E,'1.4原材料(その他)'!C:C,A:A,'1.4原材料(その他)'!H:H,H$3) -> 0 | I101: =SUMIFS('1.4原材料(その他)'!E:E,'1.4原材料(その他)'!C:C,A:A,'1.4原材料(その他)'!H:H,I$3) -> 0 | J101: =SUMIFS('1.4原材料(その他)'!E:E,'1.4原材料(その他)'!C:C,A:A,'1.4原材料(その他)'!H:H,J$3) -> 0 | K101: =SUMIFS('1.4原材料(その他)'!E:E,'1.4原材料(その他)'!C:C,A:A,'1.4原材料(その他)'!H:H,K$3) -> 0 | L101: =SUMIFS('1.4原材料(その他)'!E:E,'1.4原材料(その他)'!C:C,A:A,'1.4原材料(その他)'!H:H,L$3) -> 0 | M101: =SUMIFS('1.4原材料(その他)'!E:E,'1.4原材料(その他)'!C:C,A:A,'1.4原材料(その他)'!H:H,M$3) -> 0 | N101: =O101-(E101+F101-SUM(G101:M101)) -> 0 | O101: =SUMIF('1.5原材料在庫'!A:A,原材料SC明細!A101,'1.5原材料在庫'!D:D) -> 0
...

Sheet 原料標準単価（貼付）
D1: ↓38期1.2原材料受入より
D3: 38期実際 | E3: 39期標準
B4: 原料コード | C4: 原料名 | D4: 仕入単価(\/kg) | E4: 単価(\/kg)
B5: 1 | C5: ﾘﾝｺﾞ | D5: 321.14552 | E5: 320
B6: 2 | C6: ｶｷ | D6: 510.48639 | E6: 510
B7: 3 | C7: ﾊﾞﾅﾅ | D7: 280.83162 | E7: 280
B8: 4 | C8: ﾊﾟｲﾝｱｯﾌﾟﾙ | D8: 352.15661 | E8: 350
B9: 5 | C9: ｱｹﾋﾞ | D9: 2148.4375 | E9: 2150
B10: 6 | C10: ﾏﾀﾀﾋﾞ | D10: 1852.6 | E10: 1850
B11: 7 | C11: ｲﾁｼﾞｸ | D11: 1215.2565 | E11: 1220
B12: 8 | C12: ｲﾁｺﾞ | D12: 2249.1039 | E12: 2250
B13: 8 | C13: ｲﾁｺﾞ | D13: 2249.1039 | E13: 2250
B14: 9 | C14: 山ﾌﾞﾄﾞｳ | D14: 1106.6425 | E14: 1110
B15: 10 | C15: ﾌﾞﾄﾞｳ | D15: 1088.172 | E15: 1090
B16: 11 | C16: 山桃 | D16: 3806.4972 | E16: 3810
... B107: 927 | C107: えんどう豆 | D107: 0 | E107: 0

Sheet 1.2①原材料受入
A1: 原料コード | B1: 原料名 | C1: 原料量 | D1: 単位 | E1: 仕入金額 | F1: check | H1: 1 | I1: ﾘﾝｺﾞ
A2: 1 | B2: ﾘﾝｺﾞ | C2: 8226.8 | D2: ㎏ | E2: 2642000 | F2: =VLOOKUP(A2,$H:$H,1,FALSE) -> 1
A3: 2 | B3: ｶｷ | C3: 224.1 | D3: ㎏ | E3: 114400 | F3: =VLOOKUP(A3,$H:$H,1,FALSE) -> 2 | H3: 2 | I3: ｶｷ
A4: 3 | B4: ﾊﾞﾅﾅ | C4: 3119.2 | D4: ㎏ | E4: 875970 | F4: =VLOOKUP(A4,$H:$H,1,FALSE) -> 3
A5: 4 | B5: ﾊﾟｲﾝｱｯﾌﾟﾙ | C5: 3141.5 | D5: ㎏ | E5: 1106300 | F5: =VLOOKUP(A5,$H:$H,1,FALSE) -> 4 | H5: 3 | I5: ﾊﾞﾅﾅ
A6: 5 | B6: ｱｹﾋﾞ | C6: 230.4 | D6: ㎏ | E6: 495000 | F6: =VLOOKUP(A6,$H:$H,1,FALSE) -> 5
A7: 7 | B7: ｲﾁｼﾞｸ | C7: 228.1 | D7: ㎏ | E7: 277200 | F7: =VLOOKUP(A7,$H:$H,1,FALSE) -> 7 | H7: 4 | I7: ﾊﾟｲﾝｱｯﾌﾟﾙ
A8: 8 | B8: ｲﾁｺﾞ | C8: 27.9 | D8: ㎏ | E8: 62750 | F8: =VLOOKUP(A8,$H:$H,1,FALSE) -> 8
A9: 9 | B9: 山ﾌﾞﾄﾞｳ | C9: 248.4 | D9: ㎏ | E9: 274890 | F9: =VLOOKUP(A9,$H:$H,1,FALSE) -> 9 | H9: 5 | I9: ｱｹﾋﾞ
A10: 10 | B10: ﾌﾞﾄﾞｳ | C10: 1162.5 | D10: ㎏ | E10: 1265000 | F10: =VLOOKUP(A10,$H:$H,1,FALSE) -> 10
A11: 11 | B11: 山桃 | C11: 141.6 | D11: ㎏ | E11: 539000 | F11: =VLOOKUP(A11,$H:$H,1,FALSE) -> 11 | H11: 6 | I11: ﾏﾀﾀﾋﾞ
A12: 12 | B12: 梅 | C12: 16.6 | D12: ㎏ | E12: 0 | F12: =VLOOKUP(A12,$H:$H,1,FALSE) -> 12
A13: 13 | B13: ﾈｰﾌﾞﾙ | C13: 673.4 | D13: ㎏ | E13: 0 | F13: =VLOOKUP(A13,$H:$H,1,FALSE) -> 13 | H13: 7 | I13: ｲﾁｼﾞｸ
A14: 14 | B14: ﾊｯｻｸ | C14: 1510.5 | D14: ㎏ | E14: 0 | F14: =VLOOKUP(A14,$H:$H,1,FALSE) -> 14
A15: 15 | B15: みかん | C15: 3933.3 | D15: ㎏ | E15: 0 | F15: =VLOOKUP(A15,$H:$H,1,FALSE) -> 15 | H15: 8 | I15: ｲﾁｺﾞ
A16: 16 | B16: 夏みかん | C16: 111.8 | D16: ㎏ | E16: 0 | F16: =VLOOKUP(A16,$H:$H,1,FALSE) -> 16
A17: 17 | B17: 伊予柑 | C17: 222 | D17: ㎏ | E17: 0 | F17: =VLOOKUP(A17,$H:$H,1,FALSE) -> 17 | H17: 9 | I17: 山ﾌﾞﾄﾞｳ
A18: 18 | B18: ｷﾝｶﾝ | C18: 25.1 | D18: ㎏ | E18: 0 | F18: =VLOOKUP(A18,$H:$H,1,FALSE) -> 18
A19: 19 | B19: ﾕｽﾞ | C19: 30 | D19: ㎏ | E19: 0 | F19: =VLOOKUP(A19,$H:$H,1,FALSE) -> 19 | H19: 10 | I19: ﾌﾞﾄﾞｳ
A20: 20 | B20: ｶﾎﾞｽ | C20: 30.6 | D20: ㎏ | E20: 0 | F20: =VLOOKUP(A20,$H:$H,1,FALSE) -> 20
A21: 21 | B21: ｻﾞﾎﾞﾝ | C21: 31.1 | D21: ㎏ | E21: 0 | F21: =VLOOKUP(A21,$H:$H,1,FALSE) -> 21 | H21: 11 | I21: 山桃
A22: 22 | B22: ﾎﾟﾝｶﾝ | C22: 30.6 | D22: ㎏ | E22: 0 | F22: =VLOOKUP(A22,$H:$H,1,FALSE) -> 22
A23: 23 | B23: ﾚﾓﾝ | C23: 224 | D23: ㎏ | E23: 0 | F23: =VLOOKUP(A23,$H:$H,1,FALSE) -> 23 | H23: 12 | I23: 梅
A24: 24 | B24: ｺﾞﾎﾞｳ | C24: 31.3 | D24: ㎏ | E24: 13440 | F24: =VLOOKUP(A24,$H:$H,1,FALSE) -> 24
A25: 25 | B25: ﾆﾝｼﾞﾝ（西洋） | C25: 1150.6 | D25: ㎏ | E25: 5720 | F25: =VLOOKUP(A25,$H:$H,1,FALSE) -> 25 | H25: 13 | I25: ﾈｰﾌﾞﾙ
A26: 26 | B26: ﾆﾝｼﾞﾝ（金時） | C26: 862.5 | D26: ㎏ | E26: 211582 | F26: =VLOOKUP(A26,$H:$H,1,FALSE) -> 26
A27: 27 | B27: ﾆﾝﾆｸ | C27: 536.1 | D27: ㎏ | E27: 1639700 | F27: =VLOOKUP(A27,$H:$H,1,FALSE) -> 27 | H27: 14 | I27: ﾊｯｻｸ
A28: 28 | B28: ﾚﾝｺﾝ | C28: 31.9 | D28: ㎏ | E28: 19600 | F28: =VLOOKUP(A28,$H:$H,1,FALSE) -> 28
A29: 29 | B29: ﾕﾘ根 | C29: 36.4 | D29: ㎏ | E29: 66500 | F29: =VLOOKUP(A29,$H:$H,1,FALSE) -> 29 | H29: 15 | I29: 温州みかん
A30: 30 | B30: 玄米 | C30: 2430 | D30: ㎏ | E30: 1115370 | F30: =VLOOKUP(A30,$H:$H,1,FALSE) -> 30
A31: 31 | B31: もち米 | C31: 1530 | D31: ㎏ | E31: 976140 | F31: =VLOOKUP(A31,$H:$H,1,FALSE) -> 31 | H31: 16 | I31: 夏みかん
A32: 32 | B32: 白米 | C32: 3090 | D32: ㎏ | E32: 1418310 | F32: =VLOOKUP(A32,$H:$H,1,FALSE) -> 32
A33: 33 | B33: きび | C33: 20 | D33: ㎏ | E33: 40800 | F33: =VLOOKUP(A33,$H:$H,1,FALSE) -> 33 | H33: 17 | I33: 伊予柑
A34: 34 | B34: とうもろこし | C34: 42.8 | D34: ㎏ | E34: 0 | F34: =VLOOKUP(A34,$H:$H,1,FALSE) -> 34
A35: 35 | B35: 大麦 | C35: 40 | D35: ㎏ | E35: 11600 | F35: =VLOOKUP(A35,$H:$H,1,FALSE) -> 35 | H35: 18 | I35: ｷﾝｶﾝ
A36: 36 | B36: あわ | C36: 20 | D36: ㎏ | E36: 43200 | F36: =VLOOKUP(A36,$H:$H,1,FALSE) -> 36
A37: 37 | B37: 大豆 | C37: 630 | D37: ㎏ | E37: 157500 | F37: =VLOOKUP(A37,$H:$H,1,FALSE) -> 37 | H37: 19 | I37: ﾕｽﾞ
A38: 38 | B38: 黒豆 | C38: 960 | D38: ㎏ | E38: 384000 | F38: =VLOOKUP(A38,$H:$H,1,FALSE) -> 38
A39: 39 | B39: 黒ｺﾞﾏ | C39: 1575 | D39: ㎏ | E39: 1629600 | F39: =VLOOKUP(A39,$H:$H,1,FALSE) -> 39 | H39: 20 | I39: ｶﾎﾞｽ
A40: 40 | B40: 白ｺﾞﾏ | C40: 1575 | D40: ㎏ | E40: 1555350 | F40: =VLOOKUP(A40,$H:$H,1,FALSE) -> 40
A41: 41 | B41: ｺﾝﾌﾞ | C41: 20 | D41: ㎏ | E41: 74000 | F41: =VLOOKUP(A41,$H:$H,1,FALSE) -> 41 | H41: 21 | I41: ｻﾞﾎﾞﾝ
A42: 42 | B42: ﾜｶﾒ | C42: 110 | D42: ㎏ | E42: 462000 | F42: =VLOOKUP(A42,$H:$H,1,FALSE) -> 42
A43: 43 | B43: ﾋｼﾞｷ | C43: 1266 | D43: ㎏ | E43: 5228100 | F43: =VLOOKUP(A43,$H:$H,1,FALSE) -> 43 | H43: 22 | I43: ﾎﾟﾝｶﾝ
A44: 44 | B44: ﾉﾘ | C44: 23 | D44: ㎏ | E44: 194235 | F44: =VLOOKUP(A44,$H:$H,1,FALSE) -> 44
A45: 45 | B45: (川)ﾉﾘ(ｱｵﾉﾘ) | C45: 13 | D45: ㎏ | E45: 276900 | F45: =VLOOKUP(A45,$H:$H,1,FALSE) -> 45 | H45: 23 | I45: ﾚﾓﾝ
A46: 46 | B46: ｷｭｳﾘ | C46: 46.4 | D46: ㎏ | E46: 22950 | F46: =VLOOKUP(A46,$H:$H,1,FALSE) -> 46
A47: 47 | B47: ｼｿ | C47: 10.5 | D47: ㎏ | E47: 17500 | F47: =VLOOKUP(A47,$H:$H,1,FALSE) -> 47 | H47: 24 | I47: ｺﾞﾎﾞｳ
A48: 48 | B48: ｾﾛﾘ | C48: 49.4 | D48: ㎏ | E48: 38850 | F48: =VLOOKUP(A48,$H:$H,1,FALSE) -> 48
A49: 51 | B49: 干し柿 | C49: 4358.54 | D49: ㎏ | E49: 11884400 | F49: =VLOOKUP(A49,$H:$H,1,FALSE) -> 51 | H49: 25 | I49: ﾆﾝｼﾞﾝ(西洋)
A50: 53 | B50: ｶﾘﾝ | C50: 9.7 | D50: ㎏ | E50: 3840 | F50: =VLOOKUP(A50,$H:$H,1,FALSE) -> 53
A51: 55 | B51: ｼｮｳｶﾞ | C51: 1295.2 | D51: ㎏ | E51: 666667 | F51: =VLOOKUP(A51,$H:$H,1,FALSE) -> 55 | H51: 26 | I51: ﾆﾝｼﾞﾝ(金時)
A52: 56 | B52: 桑の実 | C52: 910 | D52: ㎏ | E52: 3458000 | F52: =VLOOKUP(A52,$H:$H,1,FALSE) -> 56
A53: 57 | B53: ｸﾙﾐ | C53: 297.9 | D53: ㎏ | E53: 653746 | F53: =VLOOKUP(A53,$H:$H,1,FALSE) -> 57 | H53: 27 | I53: ﾆﾝﾆｸ
A54: 61 | B54: ｵﾘｺﾞ糖 | C54: 150 | D54: ㎏ | E54: 37600 | F54: =VLOOKUP(A54,$H:$H,1,FALSE) -> 61
A55: 96 | B55: ブルーベリー | C55: 27.4 | D55: ㎏ | E55: 97500 | F55: =VLOOKUP(A55,$H:$H,1,FALSE) -> 96 | H55: 28 | I55: ﾚﾝｺﾝ
A56: 97 | B56: ビーツ | C56: 26.1 | D56: ㎏ | E56: 91000 | F56: =VLOOKUP(A56,$H:$H,1,FALSE) -> 97
A57: 98 | B57: じゃがいも | C57: 16.3 | D57: ㎏ | E57: 5320 | F57: =VLOOKUP(A57,$H:$H,1,FALSE) -> 98 | H57: 29 | I57: ﾕﾘ根
A58: 99 | B58: さつま芋 | C58: 15.3 | D58: ㎏ | E58: 10500 | F58: =VLOOKUP(A58,$H:$H,1,FALSE) -> 99
A59: 200 | B59: 有機黒糖 | C59: 15 | D59: kg | E59: 8625 | F59: =VLOOKUP(A59,$H:$H,1,FALSE) -> 200 | H59: 30 | I59: 玄米
A60: 201 | B60: 黒糖 | C60: 50245 | D60: ㎏ | E60: 18029195 | F60: =VLOOKUP(A60,$H:$H,1,FALSE) -> 201
A61: 202 | B61: 果糖 | C61: 6040 | D61: ㎏ | E61: 2407520 | F61: =VLOOKUP(A61,$H:$H,1,FALSE) -> 202 | H61: 31 | I61: もち米
A62: 203 | B62: ﾌﾞﾄﾞｳ糖 | C62: 6020 | D62: ㎏ | E62: 1343960 | F62: =VLOOKUP(A62,$H:$H,1,FALSE) -> 203
A63: 204 | B63: はちみつ | C63: 1176 | D63: ㎏ | E63: 2340000 | F63: =VLOOKUP(A63,$H:$H,1,FALSE) -> 204 | H63: 32 | I63: 白米
A64: 205 | B64: 澱粉 | C64: 25 | D64: ㎏ | E64: 6855 | F64: =VLOOKUP(A64,$H:$H,1,FALSE) -> 205
A65: 206 | B65: きなこ | C65: 1802 | D65: ㎏ | E65: 1106394 | F65: =VLOOKUP(A65,$H:$H,1,FALSE) -> 206 | H65: 33 | I65: きび
A66: 207 | B66: 種麹 | C66: 4 | D66: ㎏ | E66: 36800 | F66: =VLOOKUP(A66,$H:$H,1,FALSE) -> 207
A67: 301 | B67: ｼｬﾝﾋﾟﾆｵﾝｴｷｽ濃縮液 | C67: 53 | D67: ㎏ | E67: 2120000 | F67: =VLOOKUP(A67,$H:$H,1,FALSE) -> 301 | H67: 34 | I67: とうもろこし
A68: 302 | B68: 姫ﾏﾂﾀｹｴｷｽ顆粒末 | C68: 10 | D68: ㎏ | E68: 500000 | F68: =VLOOKUP(A68,$H:$H,1,FALSE) -> 302
A69: 312 | B69: ﾏｶ末 | C69: 20 | D69: ㎏ | E69: 76000 | F69: =VLOOKUP(A69,$H:$H,1,FALSE) -> 312 | H69: 35 | I69: 大麦
A70: 317 | B70: 紫ﾄｳﾓﾛｺｼｴｷｽﾊﾟｳﾀﾞｰ | C70: 2.5 | D70: ㎏ | E70: 57500 | F70: =VLOOKUP(A70,$H:$H,1,FALSE) -> 317
A71: 325 | B71: 納豆菌 | C71: 115 | D71: ㎏ | E71: 5750000 | F71: =VLOOKUP(A71,$H:$H,1,FALSE) -> 325 | H71: 36 | I71: あわ
A72: 327 | B72: 乳酸菌 | C72: 7 | D72: ㎏ | E72: 840000 | F72: =VLOOKUP(A72,$H:$H,1,FALSE) -> 327
A73: 333 | B73: ﾍﾙﾊﾞｾﾙ | C73: 120 | D73: ㎏ | E73: 0 | F73: =VLOOKUP(A73,$H:$H,1,FALSE) -> 333 | H73: 37 | I73: 大豆
A74: 336 | B74: ﾌﾞﾙｰﾍﾞﾘｰ末 | C74: 20 | D74: ㎏ | E74: 0 | F74: =VLOOKUP(A74,$H:$H,1,FALSE) -> 336
A75: 345 | B75: 輸入はちみつ | C75: 1100 | D75: ㎏ | E75: 1496000 | F75: =VLOOKUP(A75,$H:$H,1,FALSE) -> 345 | H75: 38 | I75: 黒豆
A76: 346 | B76: ﾉﾆﾋﾟｭｰﾚ液 | C76: 140 | D76: ㎏ | E76: 0 | F76: =VLOOKUP(A76,$H:$H,1,FALSE) -> 346
A77: 352 | B77: ﾏﾇｶﾊﾆｰ | C77: 1100 | D77: kg | E77: 10450000 | F77: =VLOOKUP(A77,$H:$H,1,FALSE) -> 352 | H77: 39 | I77: 黒ｺﾞﾏ
A78: 353 | B78: ｱｶﾞﾘｸｽ子実体ｴｷｽ末 | C78: 10 | D78: ㎏ | E78: 132000 | F78: =VLOOKUP(A78,$H:$H,1,FALSE) -> 353
A79: 916 | B79: コーン油 | C79: 16.5 | D79: ㎏ | E79: 7425 | F79: =VLOOKUP(A79,$H:$H,1,FALSE) -> 916 | H79: 40 | I79: 白ｺﾞﾏ
A80: 920 | B80: ゴマ油 | C80: 14.85 | D80: ㎏ | E80: 10200 | F80: =VLOOKUP(A80,$H:$H,1,FALSE) -> 920
A81: 921 | B81: アボカド油 | C81: 16.5 | D81: ㎏ | E81: 44550 | F81: =VLOOKUP(A81,$H:$H,1,FALSE) -> 921 | H81: 41 | I81: ｺﾝﾌﾞ
A82: 922 | B82: クルミ油 | C82: 16.5 | D82: ㎏ | E82: 56100 | F82: =VLOOKUP(A82,$H:$H,1,FALSE) -> 922
A83: 923 | B83: インゲン豆 | C83: 1 | D83: ㎏ | E83: 0 | F83: =VLOOKUP(A83,$H:$H,1,FALSE) -> 923 | H83: 42 | I83: ﾜｶﾒ
A84: 924 | B84: 小豆 | C84: 1 | D84: ㎏ | E84: 800 | F84: =VLOOKUP(A84,$H:$H,1,FALSE) -> 924
A85: 925 | B85: ひよこ豆 | C85: 1.1 | D85: ㎏ | E85: 435 | F85: =VLOOKUP(A85,$H:$H,1,FALSE) -> 925 | H85: 43 | I85: ﾋｼﾞｷ
A86: 926 | B86: そら豆 | C86: 1 | D86: ㎏ | E86: 435 | F86: =VLOOKUP(A86,$H:$H,1,FALSE) -> 926
A87: 927 | B87: えんどう豆 | C87: 1 | D87: ㎏ | E87: 0 | F87: =VLOOKUP(A87,$H:$H,1,FALSE) -> 927 | H87: 44 | I87: ﾉﾘ
H89: 45 | I89: (川)ﾉﾘ(ｱｵﾉﾘ)
H91: 46 | I91: ｷｭｳﾘ
H93: 47 | I93: ｼｿ
H95: 48 | I95: ｾﾛﾘ
H97: 49 | I97: ﾋﾞﾜ
H99: 50 | I99: ｽﾀﾞﾁ
H101: 51 | I101: 干し柿
H103: 52 | I103: 愛玉子
H105: 53 | I105: ｶﾘﾝ
H107: 54 | I107: ﾊﾟﾊﾟｲﾔ
H109: 55 | I109: ｼｮｳｶﾞ
H111: 56 | I111: 桑の実
... H387: 999 | I387: 水道水

Sheet 1.3②原材料使用
A1: 原液コード | B1: 原液名 | C1: 原料コード | D1: 原料名 | E1: 原料量 | F1: 工程コード | G1: 工程名
A2: 1-00-09 | B2: GIN | C2: 055 | D2: ｼｮｳｶﾞ | E2: 1272.5 | F2: 002 | G2: 仕込工程 | H2: 製造使用分
A3: 1-00-09 | B3: GIN | C3: 201 | D3: 黒糖 | E3: 425.6 | F3: 002 | G3: 仕込工程 | H3: 製造使用分
A4: 1-41-1-01 | B4: 41Rﾘ | C4: 001 | D4: ﾘﾝｺﾞ | E4: 47 | F4: 006 | G4: 添加･混合工程 | H4: 製造使用分
A5: 1-42-1-01 | B5: 42Rﾘ | C5: 001 | D5: ﾘﾝｺﾞ | E5: 1897.54 | F5: 006 | G5: 添加･混合工程 | H5: 製造使用分
A6: 1-49-1 | B6: 49R | C6: 008 | D6: ｲﾁｺﾞ | E6: 0.24 | F6: 002 | G6: 仕込工程 | H6: 製造使用分
A7: 1-49-1 | B7: 49R | C7: 025 | D7: ﾆﾝｼﾞﾝ（西洋） | E7: 40.8 | F7: 002 | G7: 仕込工程 | H7: 製造使用分
A8: 1-49-1 | B8: 49R | C8: 027 | D8: ﾆﾝﾆｸ | E8: 6 | F8: 002 | G8: 仕込工程 | H8: 製造使用分
A9: 1-49-1 | B9: 49R | C9: 030 | D9: 玄米 | E9: 949.2 | F9: 002 | G9: 仕込工程 | H9: 製造使用分
A10: 1-49-1 | B10: 49R | C10: 039 | D10: 黒ｺﾞﾏ | E10: 1562 | F10: 002 | G10: 仕込工程 | H10: 製造使用分
A11: 1-49-1 | B11: 49R | C11: 040 | D11: 白ｺﾞﾏ | E11: 1562 | F11: 002 | G11: 仕込工程 | H11: 製造使用分
A12: 1-49-1 | B12: 49R | C12: 046 | D12: ｷｭｳﾘ | E12: 31.24 | F12: 002 | G12: 仕込工程 | H12: 製造使用分
A13: 1-49-1 | B13: 49R | C13: 047 | D13: ｼｿ | E13: 3.124 | F13: 002 | G13: 仕込工程 | H13: 製造使用分
... A111: 7-11 | B111: 黒西 | C111: 201 | D111: 黒糖 | E111: 267.5 | F111: 002 | G111: 仕込工程 | H111: 製造使用分

Sheet 1.4原材料(その他)
A1: 原液コード | B1: 原液名 | C1: 原料コード | D1: 原料名 | E1: 原料量 | F1: 工程コード | G1: 工程名
C2: 001 | D2: ﾘﾝｺﾞ | E2: 15.58 | F2: 097 | G2: 工程ロス | H2: ロス分
C3: 002 | D3: ｶｷ | E3: 1 | F3: 096 | G3: 呼吸ロス | H3: ロス分
C4: 002 | D4: ｶｷ | E4: 3.49 | F4: 097 | G4: 工程ロス | H4: ロス分
C5: 005 | D5: ｱｹﾋﾞ | E5: 1.5 | F5: 097 | G5: 工程ロス | H5: ロス分
C6: 006 | D6: ﾏﾀﾀﾋﾞ | E6: 0.16 | F6: 097 | G6: 工程ロス | H6: ロス分
C7: 007 | D7: ｲﾁｼﾞｸ | E7: 1.9 | F7: 097 | G7: 工程ロス | H7: ロス分
C8: 008 | D8: ｲﾁｺﾞ | E8: 0.835 | F8: 097 | G8: 工程ロス | H8: ロス分
C9: 009 | D9: 山ﾌﾞﾄﾞｳ | E9: 5.4 | F9: 096 | G9: 呼吸ロス | H9: ロス分
C10: 009 | D10: 山ﾌﾞﾄﾞｳ | E10: 2.4 | F10: 097 | G10: 工程ロス | H10: ロス分
C11: 010 | D11: ﾌﾞﾄﾞｳ | E11: 6.34 | F11: 097 | G11: 工程ロス | H11: ロス分
C12: 011 | D12: 山桃 | E12: 4.37 | F12: 096 | G12: 呼吸ロス | H12: ロス分
C13: 011 | D13: 山桃 | E13: 5.43 | F13: 097 | G13: 工程ロス | H13: ロス分
... C278: 010 | D278: ﾌﾞﾄﾞｳ | E278: 38.8 | F278: 098 | G278: 返品 | H278: 返品

Sheet 1.5原材料在庫
A1: 原料コード | B1: 原料名 | C1: 原料ロット番号 | D1: 在庫数量 | E1: 単位 | F1: 受入数量 | G1: 使用数量 | H1: 賞味期限の先頭 | I1: 備考の先頭
A2: 001 | B2: ﾘﾝｺﾞ | C2: 190726 | D2: 0 | E2: ㎏ | F2: 240 | G2: 240
A3: 001 | B3: ﾘﾝｺﾞ | C3: 191219 | D3: 0 | E3: ㎏ | F3: 2195.2 | G3: 2195.2
A4: 001 | B4: ﾘﾝｺﾞ | C4: 200127 | D4: 0 | E4: ㎏ | F4: 1085.3 | G4: 1085.3
A5: 001 | B5: ﾘﾝｺﾞ | C5: 200203 | D5: 0 | E5: ㎏ | F5: 2559 | G5: 2559
A6: 001 | B6: ﾘﾝｺﾞ | C6: 200207 | D6: 0 | E6: ㎏ | F6: 588.7 | G6: 588.7
A7: 001 | B7: ﾘﾝｺﾞ | C7: 200213 | D7: 0 | E7: ㎏ | F7: 607.9 | G7: 607.9
A8: 001 | B8: ﾘﾝｺﾞ | C8: 200522-2 | D8: 0 | E8: ㎏ | F8: 4.7 | G8: 4.7
A9: 001 | B9: ﾘﾝｺﾞ | C9: 200714 | D9: 0 | E9: ㎏ | F9: 160 | G9: 160
A10: 001 | B10: ﾘﾝｺﾞ | C10: 200728 | D10: 0 | E10: ㎏ | F10: 10 | G10: 10
A11: 001 | B11: ﾘﾝｺﾞ | C11: 201109 | D11: -7.1054274e-15 | E11: ㎏ | F11: 30 | G11: 30
A12: 001 | B12: ﾘﾝｺﾞ | C12: 210105 | D12: -9.094947e-13 | E12: ㎏ | F12: 7828 | G12: 7828
A13: 001 | B13: ﾘﾝｺﾞ | C13: 210120 | D13: 0 | E13: ㎏ | F13: 2200 | G13: 2200
A14: 001 | B14: ﾘﾝｺﾞ | C14: 210215 | D14: 0 | E14: ㎏ | F14: 2478.6 | G14: 2478.6 | I14: 仕入先：㈲やまこう商店
A15: 001 | B15: ﾘﾝｺﾞ | C15: 210226 | D15: 0 | E15: ㎏ | F15: 2097 | G15: 2097
A16: 001 | B16: ﾘﾝｺﾞ | C16: 210301 | D16: 0 | E16: ㎏ | F16: 11 | G16: 11
A17: 001 | B17: ﾘﾝｺﾞ | C17: 210514 | D17: 0 | E17: ㎏ | F17: 77 | G17: 77
A18: 001 | B18: ﾘﾝｺﾞ | C18: 220106 | D18: 9.094947e-13 | E18: ㎏ | F18: 5178 | G18: 5178 | I18: 仕入先：㈲やまこう商店
A19: 001 | B19: ﾘﾝｺﾞ | C19: 220117 | D19: 0 | E19: ㎏ | F19: 2208 | G19: 2208
A20: 001 | B20: ﾘﾝｺﾞ | C20: 220120 | D20: 9.094947e-13 | E20: ㎏ | F20: 2144 | G20: 2144
A21: 001 | B21: ﾘﾝｺﾞ | C21: 220131 | D21: 0 | E21: ㎏ | F21: 5150 | G21: 5150 | I21: 仕入先：㈲やまこう商店
A22: 001 | B22: ﾘﾝｺﾞ | C22: 230106 | D22: 9.094947e-13 | E22: ㎏ | F22: 5155.5 | G22: 5155.5 | I22: 仕入先：㈲やまこう商店
A23: 001 | B23: ﾘﾝｺﾞ | C23: 230116 | D23: -4.5474735e-13 | E23: ㎏ | F23: 2141.5 | G23: 2141.5
A24: 001 | B24: ﾘﾝｺﾞ | C24: 230124 | D24: -4.5474735e-13 | E24: ㎏ | F24: 2734.2 | G24: 2734.2
A25: 001 | B25: ﾘﾝｺﾞ | C25: 230203 | D25: 0 | E25: ㎏ | F25: 2578.7 | G25: 2578.7 | I25: 仕入先：㈲やまこう商店
A26: 001 | B26: ﾘﾝｺﾞ | C26: 230727 | D26: 0 | E26: ㎏ | F26: 163.2 | G26: 163.2
A27: 001 | B27: ﾘﾝｺﾞ | C27: 240115 | D27: 0 | E27: ㎏ | F27: 5472.5 | G27: 5472.5 | I27: 仕入先：㈲やまこう商店
A28: 001 | B28: ﾘﾝｺﾞ | C28: 240125 | D28: 2.2737368e-13 | E28: ㎏ | F28: 1235.7 | G28: 1235.7 | I28: 仕入先：㈲やまこう商店
A29: 001 | B29: ﾘﾝｺﾞ | C29: 240205 | D29: 0 | E29: ㎏ | F29: 4494.7 | G29: 4494.7 | I29: 仕入先：㈲やまこう商店
A30: 001 | B30: ﾘﾝｺﾞ | C30: 250109 | D30: -9.094947e-13 | E30: ㎏ | F30: 5292.5 | G30: 5292.5 | I30: 仕入先：㈲やまこう商店
A31: 001 | B31: ﾘﾝｺﾞ | C31: 250117 | D31: -2.2737368e-13 | E31: ㎏ | F31: 1215 | G31: 1215
A32: 001 | B32: ﾘﾝｺﾞ | C32: 250210 | D32: -2.2737368e-13 | E32: ㎏ | F32: 1719.3 | G32: 1719.3 | I32: 仕入先：㈱シャンティ
A33: 002 | B33: ｶｷ | C33: 201015 | D33: 0 | E33: ㎏ | F33: 302 | G33: 302
A34: 002 | B34: ｶｷ | C34: 201016 | D34: 0 | E34: ㎏ | F34: 14 | G34: 14 | I34: 無償
A35: 002 | B35: ｶｷ | C35: 210128 | D35: 0 | E35: ㎏ | F35: 10 | G35: 10
A36: 002 | B36: ｶｷ | C36: 211023 | D36: -5.6843419e-14 | E36: ㎏ | F36: 332.4 | G36: 332.4
A37: 002 | B37: ｶｷ | C37: 221028 | D37: 1.1368684e-13 | E37: ㎏ | F37: 352.5 | G37: 352.5
A38: 002 | B38: ｶｷ | C38: 231020 | D38: 0 | E38: ㎏ | F38: 347.5 | G38: 347.5
A39: 002 | B39: ｶｷ | C39: 240226 | D39: -8.8817842e-16 | E39: ㎏ | F39: 4.6 | G39: 4.6
A40: 002 | B40: ｶｷ | C40: 241028 | D40: -2.8421709e-14 | E40: ㎏ | F40: 224.1 | G40: 224.1
A41: 003 | B41: ﾊﾞﾅﾅ | C41: 200714 | D41: 0 | E41: ㎏ | F41: 40 | G41: 40
A42: 003 | B42: ﾊﾞﾅﾅ | C42: 200716 | D42: 0 | E42: ㎏ | F42: 64 | G42: 64
A43: 003 | B43: ﾊﾞﾅﾅ | C43: 200717 | D43: 0 | E43: ㎏ | F43: 52 | G43: 52 | I43: 無償 ﾌｨﾘﾋﾟﾝ産
A44: 003 | B44: ﾊﾞﾅﾅ | C44: 200902 | D44: 0 | E44: ㎏ | F44: 26 | G44: 26 | I44: 無償支給
A45: 003 | B45: ﾊﾞﾅﾅ | C45: 201111 | D45: 0 | E45: ㎏ | F45: 26 | G45: 26 | I45: 無償 有機
A46: 003 | B46: ﾊﾞﾅﾅ | C46: 210108 | D46: 0 | E46: ㎏ | F46: 2560 | G46: 2560
A47: 003 | B47: ﾊﾞﾅﾅ | C47: 210115 | D47: 2.2737368e-13 | E47: ㎏ | F47: 1885 | G47: 1885
A48: 003 | B48: ﾊﾞﾅﾅ | C48: 210120 | D48: 1.4210855e-14 | E48: ㎏ | F48: 104 | G48: 104
A49: 003 | B49: ﾊﾞﾅﾅ | C49: 210123 | D49: 0 | E49: ㎏ | F49: 108 | G49: 108
A50: 003 | B50: ﾊﾞﾅﾅ | C50: 210125 | D50: 1.4210855e-14 | E50: ㎏ | F50: 71 | G50: 71
A51: 003 | B51: ﾊﾞﾅﾅ | C51: 220107 | D51: -4.5474735e-13 | E51: ㎏ | F51: 2600 | G51: 2600
A52: 003 | B52: ﾊﾞﾅﾅ | C52: 220114 | D52: 0 | E52: ㎏ | F52: 2119 | G52: 2119
A53: 003 | B53: ﾊﾞﾅﾅ | C53: 220124 | D53: 0 | E53: ㎏ | F53: 39 | G53: 39
A54: 003 | B54: ﾊﾞﾅﾅ | C54: 230106 | D54: 1.1368684e-13 | E54: ㎏ | F54: 936 | G54: 936
A55: 003 | B55: ﾊﾞﾅﾅ | C55: 230111 | D55: -5.6843419e-14 | E55: ㎏ | F55: 482.7 | G55: 482.7
A56: 003 | B56: ﾊﾞﾅﾅ | C56: 230116 | D56: -2.2737368e-13 | E56: ㎏ | F56: 1917 | G56: 1917
A57: 003 | B57: ﾊﾞﾅﾅ | C57: 230123 | D57: 2.2737368e-13 | E57: ㎏ | F57: 1448.2 | G57: 1448.2
... A73: 004 | B73: ﾊﾟｲﾝｱｯﾌﾟﾙ | C73: 220117 | D73: 2.2737368e-13 | E73: ㎏ | F73: 1692 | G73: 1692
A74: 004 | B74: ﾊﾟｲﾝｱｯﾌﾟﾙ | C74: 220125 | D74: -5.6843419e-14 | E74: ㎏ | F74: 312 | G74: 312 | I74: 無償支給
A75: 004 | B75: ﾊﾟｲﾝｱｯﾌﾟﾙ | C75: 230106 | D75: 0 | E75: ㎏ | F75: 2013 | G75: 2013
A76: 004 | B76: ﾊﾟｲﾝｱｯﾌﾟﾙ | C76: 230116 | D76: 0 | E76: ㎏ | F76: 2010.3 | G76: 2010.3
A77: 004 | B77: ﾊﾟｲﾝｱｯﾌﾟﾙ | C77: 230123 | D77: 0 | E77: ㎏ | F77: 1488.3 | G77: 1488.3
A78: 004 | B78: ﾊﾟｲﾝｱｯﾌﾟﾙ | C78: 230124 | D78: 0 | E78: ㎏ | F78: 154.2 | G78: 154.2 | I78: 無償支給
A79: 004 | B79: ﾊﾟｲﾝｱｯﾌﾟﾙ | C79: 230127 | D79: 0 | E79: ㎏ | F79: 458.2 | G79: 458.2
A80: 004 | B80: ﾊﾟｲﾝｱｯﾌﾟﾙ | C80: 230131 | D80: 0 | E80: ㎏ | F80: 129.9 | G80: 129.9 | I80: 無償支給
A81: 004 | B81: ﾊﾟｲﾝｱｯﾌﾟﾙ | C81: 230727 | D81: 0 | E81: ㎏ | F81: 67.3 | G81: 67.3
A82: 004 | B82: ﾊﾟｲﾝｱｯﾌﾟﾙ | C82: 230731 | D82: -3.5527137e-15 | E82: ㎏ | F82: 17.4 | G82: 17.4
A83: 004 | B83: ﾊﾟｲﾝｱｯﾌﾟﾙ | C83: 240112 | D83: -1.1368684e-13 | E83: ㎏ | F83: 900.3 | G83: 900.3
A84: 004 | B84: ﾊﾟｲﾝｱｯﾌﾟﾙ | C84: 240116 | D84: 0 | E84: ㎏ | F84: 100.3 | G84: 100.3
A85: 004 | B85: ﾊﾟｲﾝｱｯﾌﾟﾙ | C85: 240119 | D85: 0 | E85: ㎏ | F85: 421 | G85: 421
A86: 004 | B86: ﾊﾟｲﾝｱｯﾌﾟﾙ | C86: 240122 | D86: 0 | E86: ㎏ | F86: 778.7 | G86: 778.7
A87: 004 | B87: ﾊﾟｲﾝｱｯﾌﾟﾙ | C87: 240123 | D87: 0 | E87: ㎏ | F87: 902.9 | G87: 902.9
A88: 004 | B88: ﾊﾟｲﾝｱｯﾌﾟﾙ | C88: 240125 | D88: 0 | E88: ㎏ | F88: 120.4 | G88: 120.4
A89: 004 | B89: ﾊﾟｲﾝｱｯﾌﾟﾙ | C89: 250110 | D89: 0 | E89: ㎏ | F89: 1429.5 | G89: 1429.5 | I89: 無償支給
A90: 004 | B90: ﾊﾟｲﾝｱｯﾌﾟﾙ | C90: 250117 | D90: 0 | E90: ㎏ | F90: 1043 | G90: 1043
A91: 004 | B91: ﾊﾟｲﾝｱｯﾌﾟﾙ | C91: 250120-1 | D91: 0 | E91: ㎏ | F91: 219 | G91: 219
A92: 004 | B92: ﾊﾟｲﾝｱｯﾌﾟﾙ | C92: 250120-2 | D92: 5.6843419e-14 | E92: ㎏ | F92: 450 | G92: 450 | I92: 仕入先：㈱スミフルジャパン
A93: 005 | B93: ｱｹﾋﾞ | C93: 200915 | D93: 0 | E93: ㎏ | F93: 100 | G93: 100
A94: 005 | B94: ｱｹﾋﾞ | C94: 200917 | D94: 0 | E94: ㎏ | F94: 223 | G94: 223
A95: 005 | B95: ｱｹﾋﾞ | C95: 200923 | D95: 0 | E95: ㎏ | F95: 150 | G95: 150 | I95: 10/9 冷凍保存
A96: 005 | B96: ｱｹﾋﾞ | C96: 210308 | D96: 0 | E96: ㎏ | F96: 5.5 | G96: 5.5
A97: 005 | B97: ｱｹﾋﾞ | C97: 210911 | D97: 0 | E97: ㎏ | F97: 300 | G97: 300
A98: 005 | B98: ｱｹﾋﾞ | C98: 210921 | D98: 0 | E98: ㎏ | F98: 51 | G98: 51 | I98: 返品交換分(33.7kg)、無償支給(17.3kg)
A99: 005 | B99: ｱｹﾋﾞ | C99: 220930 | D99: 1.7053026e-13 | E99: ㎏ | F99: 405.3 | G99: 405.3
A100: 005 | B100: ｱｹﾋﾞ | C100: 231004 | D100: 1.1368684e-13 | E100: ㎏ | F100: 375.1 | G100: 375.1
A101: 005 | B101: ｱｹﾋﾞ | C101: 241004 | D101: 2.8421709e-14 | E101: ㎏ | F101: 230.4 | G101: 230.4
A102: 006 | B102: ﾏﾀﾀﾋﾞ | C102: 190930 | D102: -5.6843419e-14 | E102: ㎏ | F102: 315.3 | G102: 315.3 | I102: 冷凍
A103: 006 | B103: ﾏﾀﾀﾋﾞ | C103: 201002 | D103: 0 | E103: ㎏ | F103: 200 | G103: 200 | I103: 冷凍
A104: 006 | B104: ﾏﾀﾀﾋﾞ | C104: 210129-1 | D104: -5.6843419e-14 | E104: ㎏ | F104: 504.2 | G104: 504.2
A105: 006 | B105: ﾏﾀﾀﾋﾞ | C105: 210129-2 | D105: 1.4210855e-14 | E105: ㎏ | F105: 100 | G105: 100
A106: 006 | B106: ﾏﾀﾀﾋﾞ | C106: 211004 | D106: 0 | E106: ㎏ | F106: 154.6 | G106: 154.6
A107: 006 | B107: ﾏﾀﾀﾋﾞ | C107: 211008 | D107: 2.8421709e-14 | E107: ㎏ | F107: 157 | G107: 157
A108: 006 | B108: ﾏﾀﾀﾋﾞ | C108: 221020 | D108: 102 | E108: ㎏ | F108: 215.8 | G108: 113.8
A109: 006 | B109: ﾏﾀﾀﾋﾞ | C109: 230731 | D109: 173.7 | E109: ㎏ | F109: 177.4 | G109: 3.7
A110: 006 | B110: ﾏﾀﾀﾋﾞ | C110: 231023 | D110: 114.2 | E110: ㎏ | F110: 117.7 | G110: 3.5
A111: 007 | B111: ｲﾁｼﾞｸ | C111: 200917 | D111: 0 | E111: ㎏ | F111: 270 | G111: 270
A112: 007 | B112: ｲﾁｼﾞｸ | C112: 200923 | D112: 0 | E112: ㎏ | F112: 50 | G112: 50 | I112: 冷凍保存
A113: 007 | B113: ｲﾁｼﾞｸ | C113: 210911 | D113: 5.6843419e-14 | E113: ㎏ | F113: 324.5 | G113: 324.5
A114: 007 | B114: ｲﾁｼﾞｸ | C114: 220912 | D114: 5.6843419e-14 | E114: ㎏ | F114: 342.8 | G114: 342.8
A115: 007 | B115: ｲﾁｼﾞｸ | C115: 230913 | D115: 5.6843419e-14 | E115: ㎏ | F115: 346.6 | G115: 346.6
...
